観測所番号,都道府県,地点,国際地点番号,現在時刻(年),現在時刻(月),現在時刻(日),現在時刻(時),現在時刻(分),現在値(mm),現在値の品質情報,8日の最大値(mm),8日の最大値の品質情報,8日の最大値起時（時）(まで),8日の最大値起時（分）(まで),8日の最大値起時(まで)の品質情報,極値更新,10年未満での極値更新,7日までの観測史上1位の値(mm),7日までの観測史上1位の値の品質情報,7日までの観測史上1位の値の年,7日までの観測史上1位の値の月,7日までの観測史上1位の値の日,7日までの1月の1位の値(mm),7日までの1月の1位の値の品質情報,7日までの1月の1位の値の年,7日までの1月の1位の値の月,7日までの1月の1位の値の日,統計開始年
11001,北海道 宗谷地方,宗谷岬（ソウヤミサキ）,,2026,1,8,16,0,0.0,8,0.0,4,,,,,,45.0,8,1996,8,18,7.0,8,2019,1,30,1978
11016,北海道 宗谷地方,稚内（ワッカナイ）,47401.0,2026,1,8,16,0,0.0,8,1.0,4,0.0,22.0,4.0,,,64.0,8,1938,9,1,16.0,8,1963,1,3,1938
11046,北海道 宗谷地方,礼文（レブン）,,2026,1,8,16,0,0.0,8,0.5,4,15.0,6.0,4.0,,,50.5,8,2020,8,7,8.5,8,2021,1,14,2003
11061,北海道 宗谷地方,声問（コエトイ）,,2026,1,8,16,0,0.0,8,0.0,4,,,,,,46.0,8,2010,9,20,4.5,8,2025,1,6,2003
11076,北海道 宗谷地方,浜鬼志別（ハマオニシベツ）,,2026,1,8,16,0,0.0,8,0.0,4,,,,,,50.0,8,2013,8,24,8.0,8,1996,1,29,1978
11091,北海道 宗谷地方,本泊（モトドマリ）,,2026,1,8,16,0,0.0,8,0.0,4,,,,,,51.5,8,2020,10,3,7.0,8,2024,1,15,2003
11121,北海道 宗谷地方,沼川（ヌマカワ）,,2026,1,8,16,0,0.0,8,0.5,4,13.0,18.0,4.0,,,67.5,8,2021,10,4,7.0,8,2022,1,2,1977
11151,北海道 宗谷地方,沓形（クツガタ）,,2026,1,8,16,0,0.0,8,0.5,4,4.0,33.0,4.0,,,44.5,8,2023,11,3,12.0,8,1997,1,3,1976
11176,北海道 宗谷地方,豊富（トヨトミ）,,2026,1,8,16,0,0.0,8,0.0,4,,,,,,50.5,8,2025,8,26,24.0,8,1979,1,28,1976
11206,北海道 宗谷地方,浜頓別（ハマトンベツ）,,2026,1,8,16,0,0.0,8,0.5,4,15.0,41.0,4.0,,,45.0,8,2021,10,4,5.0,8,1997,1,3,1976
11276,北海道 宗谷地方,中頓別（ナカトンベツ）,,2026,1,8,16,0,0.0,8,0.5,4,6.0,50.0,4.0,,,43.0,8,2025,8,20,6.0,8,2022,1,12,1976
11291,北海道 宗谷地方,北見枝幸（キタミエサシ）,47402.0,2026,1,8,16,0,0.5,8,0.5,4,16.0,0.0,4.0,,,43.0,8,2023,8,27,11.0,8,1975,1,18,1942
11316,北海道 宗谷地方,歌登（ウタノボリ）,,2026,1,8,16,0,0.0,8,1.0,4,4.0,7.0,4.0,,,44.5,8,2023,8,25,9.0,8,2013,1,3,1976
13011,北海道 宗谷地方,幌延（ホロノベ）,,2026,1,8,16,0,0.0,8,0.0,4,,,,,,45.5,8,2024,8,27,6.0,8,2013,1,26,2006
12011,北海道 上川地方,中川（ナカガワ）,,2026,1,8,16,0,0.0,8,0.5,4,3.0,13.0,4.0,,,47.5,8,2015,8,14,7.0,8,2013,1,26,1977
12041,北海道 上川地方,音威子府（オトイネップ）,,2026,1,8,16,0,0.0,8,0.5,4,4.0,30.0,4.0,,,56.5,8,2019,7,19,7.0,8,1990,1,16,1978
12066,北海道 上川地方,小車（オグルマ）,,2026,1,8,16,0,0.0,8,0.5,4,8.0,23.0,4.0,,,55.0,8,2023,6,29,4.5,8,2013,1,25,2006
12141,北海道 上川地方,美深（ビフカ）,,2026,1,8,16,0,0.0,8,0.5,4,3.0,27.0,4.0,,,46.0,8,2006,7,18,5.5,8,2013,1,25,1976
12181,北海道 上川地方,名寄（ナヨロ）,,2026,1,8,16,0,0.0,8,0.5,4,3.0,16.0,4.0,,,52.0,8,2017,7,10,5.5,8,2013,1,25,1976
12217,北海道 上川地方,西風連（ニシフウレン）,,2026,1,8,16,0,0.0,8,1.0,4,2.0,47.0,4.0,,,43.0,8,2011,9,2,6.0,8,2014,1,1,2006
12231,北海道 上川地方,下川（シモカワ）,,2026,1,8,16,0,0.0,8,1.5,4,0.0,6.0,4.0,,,43.5,8,2012,7,5,5.5,8,2019,1,24,1976
12256,北海道 上川地方,剣淵（ケンブチ）,,2026,1,8,16,0,0.0,8,0.5,4,3.0,4.0,4.0,,,53.0,8,2016,7,31,4.0,8,2018,1,15,2006
12261,北海道 上川地方,士別（シベツ）,,2026,1,8,16,0,0.0,8,1.5,4,1.0,59.0,4.0,,,72.0,8,2015,8,14,5.5,8,2023,1,29,1976
12266,北海道 上川地方,朝日（アサヒ）,,2026,1,8,16,0,0.0,8,1.0,4,0.0,54.0,4.0,,,53.5,8,2012,7,31,4.0,8,2018,1,15,1976
12301,北海道 上川地方,和寒（ワッサム）,,2026,1,8,16,0,0.0,8,1.0,4,2.0,21.0,4.0,,,51.0,8,2024,8,7,5.0,8,2007,1,7,1977
12386,北海道 上川地方,江丹別（エタンベツ）,,2026,1,8,16,0,0.0,8,1.0,4,0.0,22.0,4.0,,,47.0,8,2024,7,24,6.0,8,2004,1,4,1977
12396,北海道 上川地方,比布（ピップ）,,2026,1,8,16,0,0.0,8,2.0,4,0.0,34.0,4.0,,,63.0,8,2006,8,13,4.5,8,2018,1,10,1976
12411,北海道 上川地方,上川（カミカワ）,,2026,1,8,16,0,0.0,8,3.0,4,1.0,9.0,4.0,,,47.0,8,2017,7,16,4.0,8,2005,1,3,1976
12442,北海道 上川地方,旭川（アサヒカワ）,47407.0,2026,1,8,16,0,0.0,8,1.5,4,1.0,24.0,4.0,,,57.3,8,1912,8,14,6.0,8,2014,1,1,1908
12451,北海道 上川地方,東川（ヒガシカワ）,,2026,1,8,16,0,0.0,8,1.5,4,2.0,1.0,4.0,,,47.0,8,2006,7,29,5.0,8,2010,1,1,1977
12457,北海道 上川地方,瑞穂（ミズホ）,,2026,1,8,16,0,0.0,8,3.0,4,0.0,11.0,4.0,,,55.0,8,2007,7,3,7.0,8,2022,1,14,1984
12471,北海道 上川地方,層雲峡（ソウウンキョウ）,,2026,1,8,16,0,0.0,8,3.5,4,0.0,41.0,4.0,,,51.5,8,2010,9,6,6.0,8,2007,1,7,1976
12501,北海道 上川地方,東神楽（ヒガシカグラ）,,2026,1,8,16,0,0.0,8,1.5,4,0.0,35.0,4.0,,,53.0,8,2006,8,18,2.0,8,2025,1,20,2003
12512,北海道 上川地方,志比内（シビナイ）,,2026,1,8,16,0,0.0,8,2.0,4,1.0,18.0,4.0,,,47.5,8,2014,7,13,5.0,8,1999,1,28,1993
12551,北海道 上川地方,美瑛（ビエイ）,,2026,1,8,16,0,0.5,8,1.5,4,0.0,1.0,4.0,,,59.0,8,2017,8,1,6.0,8,2022,1,12,1976
12596,北海道 上川地方,上富良野（カミフラノ）,,2026,1,8,16,0,0.0,8,2.0,4,0.0,2.0,4.0,,,59.0,8,2024,8,31,6.5,8,2010,1,1,1977
12607,北海道 上川地方,白金（シロガネ）,,2026,1,8,16,0,0.0,8,3.0,4,0.0,45.0,4.0,,,75.5,8,2016,7,31,7.0,8,2007,1,7,1984
12626,北海道 上川地方,富良野（フラノ）,,2026,1,8,16,0,0.0,8,1.5,4,0.0,18.0,4.0,,,50.0,8,2006,8,18,7.0,8,2007,1,7,1976
12632,北海道 上川地方,麓郷（ロクゴウ）,,2026,1,8,16,0,0.0,8,1.5,4,8.0,53.0,4.0,,,50.0,8,2006,7,16,7.0,8,2007,1,7,1978
12686,北海道 上川地方,金山（カナヤマ）,,2026,1,8,16,0,0.0,8,1.5,4,0.0,30.0,4.0,,,50.0,8,2016,8,1,11.0,8,2007,1,7,2006
12691,北海道 上川地方,幾寅（イクトラ）,,2026,1,8,16,0,0.0,8,2.5,4,1.0,0.0,4.0,,,49.0,8,1994,8,13,10.0,8,2007,1,7,1977
12746,北海道 上川地方,占冠（シムカップ）,,2026,1,8,16,0,0.0,8,3.0,4,0.0,33.0,4.0,,,44.0,8,1978,8,7,6.0,8,2010,1,1,1977
15041,北海道 上川地方,朱鞠内（シュマリナイ）,,2026,1,8,16,0,0.0,8,0.5,4,12.0,58.0,4.0,,,74.5,8,2023,8,27,6.5,8,2014,1,1,1978
15076,北海道 上川地方,幌加内（ホロカナイ）,,2026,1,8,16,0,0.0,8,0.5,4,5.0,57.0,4.0,,,69.0,8,2025,8,26,11.0,8,1983,1,8,1976
13061,北海道 留萌地方,天塩（テシオ）,,2026,1,8,16,0,0.0,8,0.0,4,,,,,,72.0,8,2013,8,11,6.0,8,2007,1,7,1976
13086,北海道 留萌地方,遠別（エンベツ）,,2026,1,8,16,0,0.0,8,0.5,4,3.0,29.0,4.0,,,60.5,8,2022,8,8,7.0,8,2022,1,2,1976
13121,北海道 留萌地方,初山別（ショサンベツ）,,2026,1,8,16,0,0.0,8,0.0,4,,,,,,69.0,8,2010,8,14,6.0,8,2013,1,5,1977
13146,北海道 留萌地方,焼尻（ヤギシリ）,,2026,1,8,16,0,0.0,8,1.5,4,11.0,19.0,4.0,,,64.0,8,2010,8,14,9.5,8,2025,1,18,1977
13181,北海道 留萌地方,羽幌（ハボロ）,47404.0,2026,1,8,16,0,0.0,8,0.5,4,15.0,14.0,4.0,,,54.0,8,1999,7,28,8.0,8,2006,1,12,1929
13206,北海道 留萌地方,古丹別（コタンベツ）,,2026,1,8,16,0,0.0,8,0.5,4,12.0,57.0,4.0,,,60.0,8,1999,7,16,9.0,8,1996,1,29,1976
13261,北海道 留萌地方,達布（タップ）,,2026,1,8,16,0,1.0,8,1.0,4,16.0,0.0,4.0,,,49.0,8,1994,8,12,7.0,8,2013,1,3,1977
13277,北海道 留萌地方,留萌（ルモイ）,47406.0,2026,1,8,16,0,0.0,8,0.5,4,2.0,6.0,4.0,,,57.5,8,1988,8,25,7.6,8,1965,1,4,1943
13311,北海道 留萌地方,増毛（マシケ）,,2026,1,8,16,0,0.0,8,0.5,4,15.0,17.0,4.0,,,63.0,8,2012,8,26,8.0,8,2000,1,10,1976
13321,北海道 留萌地方,幌糠（ホロヌカ）,,2026,1,8,16,0,0.5,8,1.5,4,1.0,25.0,4.0,,,63.0,8,1988,8,25,8.5,8,2019,1,23,1977
14026,北海道 石狩地方,浜益（ハママス）,,2026,1,8,16,0,0.0,8,0.0,4,,,,,,51.5,8,2011,9,2,9.5,8,2010,1,14,1977
14071,北海道 石狩地方,厚田（アツタ）,,2026,1,8,16,0,0.0,8,4.5,4,13.0,57.0,4.0,,,53.5,8,2010,8,24,10.0,8,2006,1,3,1977
14101,北海道 石狩地方,新篠津（シンシノツ）,,2026,1,8,16,0,0.0,8,2.5,4,6.0,38.0,4.0,,,53.0,8,1988,8,26,6.5,8,2011,1,23,1976
14116,北海道 石狩地方,山口（ヤマグチ）,,2026,1,8,16,0,2.0,8,6.0,4,11.0,27.0,4.0,,,45.0,8,2016,8,20,9.0,8,2002,1,21,1976
14121,北海道 石狩地方,石狩（イシカリ）,,2026,1,8,16,0,1.0,8,3.5,4,13.0,43.0,4.0,,,40.0,8,2017,9,23,7.5,8,2009,1,14,1990
14136,北海道 石狩地方,江別（エベツ）,,2026,1,8,16,0,1.5,8,2.0,4,15.0,56.0,4.0,,,40.0,8,2016,8,16,6.5,8,2011,1,15,2000
14157,北海道 石狩地方,手稲山（テイネヤマ）,,2026,1,8,16,0,2.0,8,4.5,4,15.0,23.0,4.0,,,47.0,8,2025,8,21,6.5,8,2024,1,8,2010
14163,北海道 石狩地方,札幌（サッポロ）,47412.0,2026,1,8,16,0,2.0,8,5.5,4,11.0,48.0,4.0,,,50.2,8,1913,8,28,14.7,8,1918,1,10,1889
14191,北海道 石狩地方,小金湯（コガネユ）,,2026,1,8,16,0,0.5,8,1.0,4,15.0,9.0,4.0,,,46.0,8,1994,8,12,10.0,8,2005,1,5,1976
14206,北海道 石狩地方,恵庭島松（エニワシママツ）,,2026,1,8,16,0,2.5,8,2.5,4,16.0,0.0,4.0,,,65.0,8,1994,9,8,10.0,8,1978,1,21,1976
14286,北海道 石狩地方,支笏湖畔（シコツコハン）,,2026,1,8,16,0,0.0,8,0.0,4,,,,,,70.0,8,2014,9,11,19.0,8,1982,1,12,1976
14296,北海道 石狩地方,千歳（チトセ）,,2026,1,8,16,0,0.0,8,0.0,4,,,,,,92.0,8,2014,9,11,5.0,8,2004,1,8,2003
15116,北海道 空知地方,石狩沼田（イシカリヌマタ）,,2026,1,8,16,0,0.5,8,1.0,4,2.0,26.0,4.0,,,52.0,8,1988,8,26,6.0,8,2019,1,23,1976
15156,北海道 空知地方,秩父別（チップベツ）,,2026,1,8,16,0,0.5,8,1.0,4,14.0,49.0,4.0,,,32.0,8,2024,7,24,6.0,8,2023,1,29,2022
15161,北海道 空知地方,深川（フカガワ）,,2026,1,8,16,0,0.0,8,0.5,4,15.0,52.0,4.0,,,47.0,8,1990,9,3,5.0,8,2009,1,23,1976
15197,北海道 空知地方,雨竜（ウリュウ）,,2026,1,8,16,0,1.0,8,1.0,4,16.0,0.0,4.0,,,44.5,8,2013,8,25,5.5,8,2025,1,17,2006
15216,北海道 空知地方,新城（シンジョウ）,,2026,1,8,16,0,0.0,8,2.0,4,7.0,27.0,4.0,,,48.5,8,2016,8,20,6.5,8,2018,1,15,1984
15231,北海道 空知地方,空知吉野（ソラチヨシノ）,,2026,1,8,16,0,0.0,8,0.5,4,14.0,46.0,4.0,,,53.0,8,1990,9,3,9.0,8,1995,1,5,1978
15241,北海道 空知地方,滝川（タキカワ）,,2026,1,8,16,0,0.0,8,0.5,4,1.0,5.0,4.0,,,54.0,8,2010,8,24,5.0,8,1981,1,28,1976
15247,北海道 空知地方,赤平（アカビラ）,,2026,1,8,16,0,0.0,8,2.5,4,0.0,26.0,4.0,,,63.0,8,2006,8,17,6.0,8,2019,1,23,2006
15251,北海道 空知地方,芦別（アシベツ）,,2026,1,8,16,0,0.0,8,2.5,4,1.0,5.0,4.0,,,51.0,8,2006,8,18,6.0,8,2010,1,1,1976
15276,北海道 空知地方,浦臼（ウラウス）,,2026,1,8,16,0,0.0,8,2.5,4,7.0,23.0,4.0,,,52.5,8,2022,8,8,11.0,8,2005,1,30,1983
15311,北海道 空知地方,月形（ツキガタ）,,2026,1,8,16,0,0.0,8,0.5,4,15.0,54.0,4.0,,,53.0,8,1981,10,14,7.5,8,2011,1,15,1976
15321,北海道 空知地方,美唄（ビバイ）,,2026,1,8,16,0,0.5,8,2.0,4,7.0,55.0,4.0,,,70.0,8,2004,8,21,7.0,8,2006,1,3,1976
15356,北海道 空知地方,岩見沢（イワミザワ）,47413.0,2026,1,8,16,0,0.0,8,1.5,4,8.0,3.0,4.0,,,94.5,8,2019,8,31,8.4,8,1963,1,19,1948
15391,北海道 空知地方,栗沢（クリサワ）,,2026,1,8,16,0,0.0,8,1.0,4,14.0,44.0,4.0,,,57.0,8,2023,9,18,7.0,8,1999,1,27,1976
15431,北海道 空知地方,長沼（ナガヌマ）,,2026,1,8,16,0,2.0,8,2.0,4,16.0,0.0,4.0,,,66.0,8,2021,8,4,9.0,8,1990,1,19,1976
15442,北海道 空知地方,夕張（ユウバリ）,,2026,1,8,16,0,0.5,8,1.5,4,8.0,23.0,4.0,,,48.0,8,1980,7,12,7.0,8,2003,1,28,1976
15451,北海道 空知地方,鹿島（カシマ）,,2026,1,8,16,0,0.5,8,1.5,4,0.0,55.0,4.0,,,67.0,8,2024,8,31,7.5,8,2013,1,25,1983
15491,北海道 空知地方,沼の沢（ヌマノサワ）,,2026,1,8,16,0,0.0,8,0.5,4,9.0,50.0,4.0,,,67.0,8,2023,9,12,7.0,8,1997,1,2,1983
16026,北海道 後志地方,美国（ビクニ）,,2026,1,8,16,0,0.5,8,5.0,4,13.0,37.0,4.0,,,56.5,8,2012,9,16,9.0,8,1991,1,6,1976
16061,北海道 後志地方,神恵内（カモエナイ）,,2026,1,8,16,0,0.5,8,1.5,4,14.0,15.0,4.0,,,67.5,8,2013,8,24,30.0,4,1981,1,20,1977
16076,北海道 後志地方,余市（ヨイチ）,,2026,1,8,16,0,0.0,8,2.0,4,14.0,9.0,4.0,,,41.5,8,2010,8,7,9.0,8,2010,1,13,1976
16091,北海道 後志地方,小樽（オタル）,47411.0,2026,1,8,16,0,,1,0.5,4,6.0,30.0,4.0,,,50.5,8,2017,7,16,9.5,8,1996,1,8,1943
16126,北海道 後志地方,赤井川（アカイガワ）,,2026,1,8,16,0,0.0,8,2.0,4,14.0,35.0,4.0,,,48.0,8,1994,8,12,9.0,8,1984,1,11,1976
16156,北海道 後志地方,共和（キョウワ）,,2026,1,8,16,0,0.5,8,4.0,4,5.0,31.0,4.0,,,56.0,8,1976,8,12,7.5,8,2017,1,27,1976
16206,北海道 後志地方,蘭越（ランコシ）,,2026,1,8,16,0,0.5,8,3.0,4,5.0,20.0,4.0,,,64.5,8,2013,8,27,8.0,8,2006,1,3,1976
16217,北海道 後志地方,倶知安（クッチャン）,47433.0,2026,1,8,16,0,3.0,8,3.0,4,16.0,0.0,4.0,,,47.5,8,2010,8,24,7.5,8,2017,1,27,1944
16252,北海道 後志地方,寿都（スッツ）,47421.0,2026,1,8,16,0,0.0,8,3.0,4,4.0,25.0,4.0,,,57.5,8,1990,7,25,12.0,8,2000,1,19,1938
16272,北海道 後志地方,ニセコ（ニセコ）,,2026,1,8,16,0,0.0,8,3.0,4,6.0,34.0,4.0,,,48.0,8,2021,8,4,7.0,8,2017,1,27,2010
16281,北海道 後志地方,真狩（マッカリ）,,2026,1,8,16,0,0.5,8,0.5,4,16.0,0.0,4.0,,,40.0,8,1978,7,25,8.0,8,1995,1,9,1976
16286,北海道 後志地方,喜茂別（キモベツ）,,2026,1,8,16,0,0.5,8,1.0,4,7.0,16.0,4.0,,,41.5,8,2011,8,14,7.0,8,2024,1,8,1976
16321,北海道 後志地方,黒松内（クロマツナイ）,,2026,1,8,16,0,0.0,8,4.0,4,5.0,22.0,4.0,,,45.0,8,1985,9,7,11.0,8,1997,1,2,1976
17036,北海道 網走・北見・紋別地方,雄武（オウム）,47405.0,2026,1,8,16,0,0.0,8,0.5,4,5.0,3.0,4.0,,,48.7,8,1953,8,14,9.0,8,1993,1,28,1942
17076,北海道 網走・北見・紋別地方,興部（オコッペ）,,2026,1,8,16,0,0.0,8,0.0,4,,,,,,50.5,8,2023,8,25,11.0,8,1993,1,28,1976
17091,北海道 網走・北見・紋別地方,西興部（ニシオコッペ）,,2026,1,8,16,0,0.0,8,1.5,4,1.0,22.0,4.0,,,44.0,8,2017,7,16,6.0,8,1980,1,31,1976
17112,北海道 網走・北見・紋別地方,紋別（モンベツ）,47435.0,2026,1,8,16,0,0.0,8,0.0,4,,,,,,39.5,8,2020,8,5,6.5,8,2022,1,12,1956
17116,北海道 網走・北見・紋別地方,紋別小向（モンベツコムカイ）,,2026,1,8,16,0,0.0,8,0.0,4,,,,,,53.0,8,2013,8,27,1.5,8,2025,1,25,2003
17166,北海道 網走・北見・紋別地方,湧別（ユウベツ）,,2026,1,8,16,0,0.0,8,0.0,4,,,,,,39.5,8,2024,8,31,9.0,8,1993,1,20,1976
17196,北海道 網走・北見・紋別地方,滝上（タキノウエ）,,2026,1,8,16,0,0.0,8,1.0,4,0.0,50.0,4.0,,,40.5,8,2023,8,4,9.0,8,2020,1,31,1976
17211,北海道 網走・北見・紋別地方,上藻別（カミモベツ）,,2026,1,8,16,0,0.0,8,0.5,4,1.0,10.0,4.0,,,74.0,8,2023,8,27,11.0,4,1986,1,12,1976
17246,北海道 網走・北見・紋別地方,常呂（トコロ）,,2026,1,8,16,0,0.0,8,1.0,4,2.0,39.0,4.0,,,52.0,8,1978,7,11,5.0,8,2004,1,14,1976
17306,北海道 網走・北見・紋別地方,遠軽（エンガル）,,2026,1,8,16,0,0.0,8,0.0,4,,,,,,56.0,8,2013,8,20,9.0,8,2013,1,25,1976
17316,北海道 網走・北見・紋別地方,佐呂間（サロマ）,,2026,1,8,16,0,0.0,8,0.5,4,2.0,57.0,4.0,,,40.5,8,2017,7,16,5.0,8,2007,1,7,1976
17341,北海道 網走・北見・紋別地方,網走（アバシリ）,47409.0,2026,1,8,16,0,0.0,8,1.5,4,3.0,34.0,4.0,,,38.5,8,2009,9,16,6.0,8,1994,1,7,1919
17351,北海道 網走・北見・紋別地方,宇登呂（ウトロ）,,2026,1,8,16,0,0.0,8,4.0,4,4.0,34.0,4.0,,,58.0,8,1981,8,6,19.0,8,1983,1,8,1976
17386,北海道 網走・北見・紋別地方,丸瀬布（マルセップ）,,2026,1,8,16,0,0.0,8,0.0,4,,,,,,49.0,8,1998,7,25,6.0,8,2007,1,7,1984
17482,北海道 網走・北見・紋別地方,白滝（シラタキ）,,2026,1,8,16,0,0.0,8,1.5,4,3.0,15.0,4.0,,,42.0,8,2006,8,10,5.0,8,2004,1,14,1993
17501,北海道 網走・北見・紋別地方,生田原（イクタハラ）,,2026,1,8,16,0,0.0,8,0.0,4,,,,,,46.0,8,1994,8,18,7.0,8,2013,1,25,1976
17512,北海道 網走・北見・紋別地方,仁頃山（ニコロヤマ）,,2026,1,8,16,0,0.0,8,0.5,4,2.0,50.0,4.0,,,42.0,8,2006,7,17,7.0,8,2007,1,7,2006
17521,北海道 網走・北見・紋別地方,北見（キタミ）,,2026,1,8,16,0,0.0,8,0.5,4,3.0,11.0,4.0,,,65.0,8,1988,8,6,7.0,8,2007,1,7,1976
17531,北海道 網走・北見・紋別地方,女満別（メマンベツ）,,2026,1,8,16,0,0.0,8,0.5,4,14.0,6.0,4.0,,,38.5,8,2011,6,10,2.0,8,2021,1,29,2003
17541,北海道 網走・北見・紋別地方,東藻琴（ヒガシモコト）,,2026,1,8,16,0,0.0,8,1.5,4,3.0,45.0,4.0,,,57.0,8,2011,8,26,6.0,8,2003,1,4,1978
17546,北海道 網走・北見・紋別地方,小清水（コシミズ）,,2026,1,8,16,0,0.0,8,1.5,4,3.0,57.0,4.0,,,42.0,8,2009,7,27,7.0,8,2007,1,7,1976
17561,北海道 網走・北見・紋別地方,斜里（シャリ）,,2026,1,8,16,0,0.0,8,2.0,4,4.0,40.0,4.0,,,39.0,8,2011,8,15,11.0,8,1983,1,8,1976
17596,北海道 網走・北見・紋別地方,留辺蘂（ルベシベ）,,2026,1,8,16,0,0.0,8,0.0,4,,,,,,54.5,8,2023,8,27,9.0,8,2007,1,7,1976
17607,北海道 網走・北見・紋別地方,境野（サカイノ）,,2026,1,8,16,0,0.0,8,1.0,4,2.0,28.0,4.0,,,67.5,8,2022,7,18,8.0,8,2007,1,7,1977
17631,北海道 網走・北見・紋別地方,美幌（ビホロ）,,2026,1,8,16,0,0.0,8,0.5,4,11.0,15.0,4.0,,,93.0,8,2023,7,13,10.0,8,2004,1,22,1976
17642,北海道 網走・北見・紋別地方,山園（ヤマゾノ）,,2026,1,8,16,0,0.0,8,2.0,4,4.0,5.0,4.0,,,40.5,8,2010,7,18,5.0,8,2019,1,24,2010
17686,北海道 網走・北見・紋別地方,置戸常元（オケトツネモト）,,2026,1,8,16,0,0.0,8,0.5,4,2.0,16.0,4.0,,,38.0,8,2008,8,15,10.0,8,2007,1,7,2006
17717,北海道 網走・北見・紋別地方,津別（ツベツ）,,2026,1,8,16,0,0.0,8,0.0,4,,,,,,54.0,8,2006,7,17,8.0,8,2002,1,22,1988
17776,北海道 網走・北見・紋別地方,津別二又（ツベツフタマタ）,,2026,1,8,16,0,0.0,8,1.0,4,3.0,0.0,4.0,,,52.5,8,2015,9,2,11.0,8,2007,1,7,2006
18038,北海道 根室地方,羅臼（ラウス）,,2026,1,8,16,0,0.0,8,5.0,4,2.0,45.0,4.0,,,46.5,8,2025,9,21,15.5,8,2009,1,23,2005
18091,北海道 根室地方,糸櫛別（イトクシベツ）,,2026,1,8,16,0,0.0,8,5.5,4,2.0,45.0,4.0,,,46.0,8,1987,10,18,18.0,8,2002,1,22,1978
18136,北海道 根室地方,標津（シベツ）,,2026,1,8,16,0,0.0,8,5.5,4,2.0,46.0,4.0,,,50.5,8,2015,8,10,9.5,8,2025,1,6,1976
18161,北海道 根室地方,上標津（カミシベツ）,,2026,1,8,16,0,0.0,8,4.5,4,1.0,53.0,4.0,,,49.0,8,2024,8,31,7.0,8,2007,1,7,2003
18171,北海道 根室地方,中標津（ナカシベツ）,,2026,1,8,16,0,0.0,8,4.5,4,2.0,37.0,4.0,,,48.5,8,2015,8,10,9.0,8,2003,1,4,1976
18174,北海道 根室地方,根室中標津（ネムロナカシベツ）,,2026,1,8,16,0,0.0,8,5.5,4,2.0,37.0,4.0,1.0,1.0,54.0,8,2024,8,31,5.0,8,2025,1,6,2003
18256,北海道 根室地方,別海（ベツカイ）,,2026,1,8,16,0,0.0,8,4.0,4,3.0,6.0,4.0,,,74.0,8,2015,8,10,12.0,8,1986,1,4,1976
18273,北海道 根室地方,根室（ネムロ）,47420.0,2026,1,8,16,0,0.5,8,3.5,4,4.0,37.0,4.0,,,53.5,8,2015,8,10,12.0,8,2000,1,14,1889
18281,北海道 根室地方,納沙布（ノサップ）,,2026,1,8,16,0,1.0,8,6.5,4,4.0,36.0,4.0,,,42.5,8,2016,8,17,9.0,8,1986,1,4,1976
18311,北海道 根室地方,厚床（アットコ）,,2026,1,8,16,0,0.0,8,7.0,4,3.0,22.0,4.0,,,48.0,8,2015,8,11,8.0,8,2000,1,13,1977
19021,北海道 釧路地方,川湯（カワユ）,,2026,1,8,16,0,0.0,8,2.5,4,0.0,11.0,4.0,,,58.0,8,2019,8,24,10.0,8,2007,1,7,1976
19051,北海道 釧路地方,弟子屈（テシカガ）,,2026,1,8,16,0,0.0,8,2.5,4,0.0,10.0,4.0,,,59.0,8,2000,7,16,14.0,8,2007,1,7,1977
19076,北海道 釧路地方,阿寒湖畔（アカンコハン）,,2026,1,8,16,0,0.0,8,1.0,4,0.0,5.0,4.0,,,51.0,8,2011,6,11,9.0,8,2000,1,20,1976
19151,北海道 釧路地方,標茶（シベチャ）,,2026,1,8,16,0,0.0,8,5.0,4,0.0,6.0,4.0,,,55.0,8,2024,8,31,12.0,8,1987,1,8,1976
19191,北海道 釧路地方,鶴居（ツルイ）,,2026,1,8,16,0,0.0,8,2.5,4,0.0,18.0,4.0,,,48.5,8,2024,8,31,21.0,8,2002,1,22,1977
19261,北海道 釧路地方,中徹別（ナカテシベツ）,,2026,1,8,16,0,0.0,8,1.5,4,0.0,6.0,4.0,,,50.5,8,2011,8,15,16.0,8,2002,1,22,1976
19281,北海道 釧路地方,塘路（トウロ）,,2026,1,8,16,0,0.0,8,5.5,4,1.0,16.0,4.0,,,49.0,8,2024,8,31,11.0,8,1987,1,8,1983
19301,北海道 釧路地方,茶内原野（チャナイゲンヤ）,,2026,1,8,16,0,0.0,8,4.5,4,2.0,54.0,4.0,,,58.0,8,2006,6,18,14.0,8,2007,1,7,1984
19311,北海道 釧路地方,榊町（サカキマチ）,,2026,1,8,16,0,0.0,8,5.0,4,3.0,5.0,4.0,,,40.5,8,2008,9,12,10.0,8,1986,1,4,1977
19346,北海道 釧路地方,阿寒（アカン）,,2026,1,8,16,0,0.0,8,1.0,4,0.0,26.0,4.0,,,54.0,8,2025,9,21,18.0,8,2002,1,22,1976
19347,北海道 釧路地方,鶴丘（ツルオカ）,,2026,1,8,16,0,0.0,8,1.5,4,0.0,4.0,4.0,,,48.0,8,2024,8,31,5.0,8,2019,1,23,2003
19376,北海道 釧路地方,太田（オオタ）,,2026,1,8,16,0,0.0,8,4.0,4,2.0,2.0,4.0,,,63.0,8,2013,9,16,9.5,8,2012,1,2,1977
19406,北海道 釧路地方,二俣（フタマタ）,,2026,1,8,16,0,0.0,8,0.0,4,,,,,,75.5,8,2025,9,21,16.0,8,2002,1,22,1976
19416,北海道 釧路地方,白糠（シラヌカ）,,2026,1,8,16,0,0.0,8,0.0,4,,,,,,49.0,8,2025,9,21,16.0,8,2002,1,22,1976
19432,北海道 釧路地方,釧路（クシロ）,47418.0,2026,1,8,16,0,0.0,8,2.0,4,0.0,51.0,4.0,,,60.0,8,2025,8,5,10.5,8,1987,1,8,1937
19451,北海道 釧路地方,知方学（チッポマナイ）,,2026,1,8,16,0,0.0,8,1.5,4,1.0,53.0,4.0,,,49.5,8,2016,9,9,8.0,8,2000,1,20,1978
20047,北海道 十勝地方,三股（ミツマタ）,,2026,1,8,16,0,0.0,8,0.0,4,,,,,,69.5,8,2015,7,23,5.0,8,2013,1,25,2006
20071,北海道 十勝地方,小利別（ショウトシベツ）,,2026,1,8,16,0,0.0,8,1.0,4,2.0,21.0,4.0,,,52.5,8,2017,7,16,9.0,8,2007,1,7,1983
20146,北海道 十勝地方,陸別（リクベツ）,,2026,1,8,16,0,0.0,8,1.0,4,2.0,44.0,4.0,,,49.0,8,1999,8,7,8.0,8,2003,1,4,1976
20186,北海道 十勝地方,ぬかびら源泉郷（ヌカビラゲンセンキョウ）,,2026,1,8,16,0,0.0,8,1.0,4,1.0,14.0,4.0,,,58.0,8,2015,6,15,9.0,8,2007,1,7,1976
20202,北海道 十勝地方,柏倉（カシワクラ）,,2026,1,8,16,0,0.0,8,1.0,4,2.0,5.0,4.0,,,43.0,8,2005,6,22,7.0,8,2004,1,13,1983
20222,北海道 十勝地方,上螺湾（カミラワン）,,2026,1,8,16,0,0.0,8,0.5,4,3.0,37.0,4.0,,,39.0,8,1998,7,10,9.0,8,2004,1,22,1983
20266,北海道 十勝地方,上士幌（カミシホロ）,,2026,1,8,16,0,0.0,8,1.0,4,2.0,6.0,4.0,,,57.0,8,2022,7,4,10.0,8,2007,1,7,1976
20276,北海道 十勝地方,足寄（アショロ）,,2026,1,8,16,0,0.0,8,0.0,4,,,,,,64.5,8,2013,8,8,11.0,8,2003,1,4,1976
20331,北海道 十勝地方,押帯（オショップ）,,2026,1,8,16,0,0.0,8,0.0,4,,,,,,38.0,8,2003,8,10,11.0,8,2003,1,4,1983
20341,北海道 十勝地方,本別（ホンベツ）,,2026,1,8,16,0,0.0,8,0.0,4,,,,,,42.5,8,2015,8,11,11.0,8,2003,1,4,1976
20356,北海道 十勝地方,新得（シントク）,,2026,1,8,16,0,0.0,8,1.0,4,2.0,7.0,4.0,,,35.5,8,2022,8,16,9.0,8,2007,1,7,1976
20361,北海道 十勝地方,鹿追（シカオイ）,,2026,1,8,16,0,0.0,8,0.5,4,2.0,27.0,4.0,,,36.0,8,1982,7,21,9.0,8,2002,1,21,1976
20371,北海道 十勝地方,駒場（コマバ）,,2026,1,8,16,0,0.0,8,0.0,4,,,,,,53.0,8,2012,8,6,8.0,8,2002,1,22,1977
20421,北海道 十勝地方,芽室（メムロ）,,2026,1,8,16,0,0.0,8,0.5,4,5.0,8.0,4.0,,,34.0,8,2006,8,4,11.0,8,2007,1,7,1976
20432,北海道 十勝地方,帯広（オビヒロ）,47417.0,2026,1,8,16,0,0.0,8,0.0,4,,,,,,56.5,8,1975,7,17,11.5,8,2007,1,7,1919
20441,北海道 十勝地方,池田（イケダ）,,2026,1,8,16,0,0.0,8,0.0,4,,,,,,32.0,8,2025,6,27,10.0,8,2007,1,7,1976
20451,北海道 十勝地方,留真（ルシン）,,2026,1,8,16,0,0.0,8,1.5,4,10.0,52.0,4.0,,,50.0,8,2025,9,21,11.0,8,2007,1,7,1984
20506,北海道 十勝地方,浦幌（ウラホロ）,,2026,1,8,16,0,0.0,8,0.0,4,,,,,,49.0,8,2025,9,21,13.0,8,2002,1,22,1976
20551,北海道 十勝地方,帯広泉（オビヒロイズミ）,,2026,1,8,16,0,0.0,8,0.0,4,,,,,,38.5,8,2017,9,18,5.0,8,2022,1,12,2003
20556,北海道 十勝地方,糠内（ヌカナイ）,,2026,1,8,16,0,0.0,8,0.0,4,,,,,,47.0,8,1980,6,24,18.0,8,2007,1,7,1978
20601,北海道 十勝地方,上札内（カミサツナイ）,,2026,1,8,16,0,0.0,8,1.0,4,0.0,54.0,4.0,,,53.0,8,1994,8,19,12.0,8,2007,1,7,1977
20606,北海道 十勝地方,更別（サラベツ）,,2026,1,8,16,0,0.0,8,0.5,4,1.0,4.0,4.0,,,38.0,8,1989,8,28,12.0,8,2007,1,7,1977
20631,北海道 十勝地方,大津（オオツ）,,2026,1,8,16,0,0.0,8,0.0,4,,,,,,50.0,8,1985,9,1,10.0,8,2002,1,22,1977
20696,北海道 十勝地方,大樹（タイキ）,,2026,1,8,16,0,0.0,8,0.5,4,1.0,23.0,4.0,,,85.0,8,2017,9,18,15.0,8,2002,1,22,1976
20751,北海道 十勝地方,広尾（ヒロオ）,47440.0,2026,1,8,16,0,0.0,8,1.5,4,0.0,7.0,4.0,,,70.3,8,1959,10,13,42.0,8,2002,1,22,1958
21031,北海道 胆振地方,安平（アビラ）,,2026,1,8,16,0,0.5,8,0.5,4,16.0,0.0,4.0,,,57.5,8,2014,9,11,10.0,8,1999,1,28,1976
21111,北海道 胆振地方,厚真（アツマ）,,2026,1,8,16,0,0.0,8,1.0,4,9.0,6.0,4.0,,,88.5,8,2025,9,21,7.0,8,2004,1,14,1976
21126,北海道 胆振地方,穂別（ホベツ）,,2026,1,8,16,0,0.0,8,1.0,4,0.0,24.0,4.0,,,47.0,8,2000,8,15,7.0,8,2017,1,22,1976
21161,北海道 胆振地方,大滝（オオタキ）,,2026,1,8,16,0,0.0,8,1.0,4,6.0,57.0,4.0,,,70.0,8,2016,8,30,13.0,8,2002,1,22,1976
21171,北海道 胆振地方,森野（モリノ）,,2026,1,8,16,0,0.0,8,0.5,4,9.0,30.0,4.0,,,123.5,8,2025,10,1,20.0,8,2003,1,28,1976
21187,北海道 胆振地方,苫小牧（トマコマイ）,47424.0,2026,1,8,16,0,0.0,8,0.5,4,9.0,5.0,4.0,,,126.0,8,1950,8,1,8.5,8,1990,1,6,1943
21226,北海道 胆振地方,大岸（オオキシ）,,2026,1,8,16,0,0.0,8,1.0,4,6.0,7.0,4.0,,,56.0,8,1983,8,11,9.5,8,2009,1,10,1977
21237,北海道 胆振地方,洞爺湖温泉（トウヤコオンセン）,,2026,1,8,16,0,0.0,8,0.5,4,3.0,37.0,4.0,,,45.0,8,2023,9,12,9.0,8,2024,1,8,1978
21251,北海道 胆振地方,カルルス（カルルス）,,2026,1,8,16,0,0.0,8,0.5,4,8.0,37.0,4.0,,,81.5,8,2025,10,1,21.0,8,2003,1,28,1985
21261,北海道 胆振地方,白老（シラオイ）,,2026,1,8,16,0,0.0,8,0.5,4,8.0,4.0,4.0,,,84.0,8,1987,8,26,10.0,8,1999,1,27,1976
21276,北海道 胆振地方,鵡川（ムカワ）,,2026,1,8,16,0,0.0,8,1.0,4,8.0,35.0,4.0,,,69.0,8,2014,9,12,9.0,8,1997,1,2,1976
21297,北海道 胆振地方,伊達（ダテ）,,2026,1,8,16,0,0.0,8,0.5,4,4.0,39.0,4.0,,,33.0,8,2016,9,6,5.5,8,2017,1,27,2007
21312,北海道 胆振地方,登別（ノボリベツ）,,2026,1,8,16,0,0.0,8,0.0,4,,,,,,126.0,8,1983,9,25,16.0,8,2000,1,7,1976
21323,北海道 胆振地方,室蘭（ムロラン）,47423.0,2026,1,8,16,0,0.0,8,2.0,4,8.0,14.0,4.0,,,51.3,8,1949,9,23,11.5,8,1970,1,31,1940
22036,北海道 日高地方,日高（ヒダカ）,,2026,1,8,16,0,0.0,8,1.5,4,0.0,3.0,4.0,,,62.5,8,2015,8,6,6.0,8,1995,1,9,1977
22072,北海道 日高地方,仁世宇（ニセウ）,,2026,1,8,16,0,0.0,8,1.5,4,1.0,23.0,4.0,,,65.0,8,2024,8,31,10.0,8,2007,1,7,1985
22106,北海道 日高地方,旭（アサヒ）,,2026,1,8,16,0,0.0,8,1.5,4,1.0,17.0,4.0,,,75.0,8,2003,8,9,8.0,8,2007,1,7,1985
22141,北海道 日高地方,日高門別（ヒダカモンベツ）,,2026,1,8,16,0,0.0,8,0.5,4,9.0,20.0,4.0,,,63.0,8,1992,8,9,9.0,8,1997,1,2,1976
22156,北海道 日高地方,新和（シンワ）,,2026,1,8,16,0,0.0,8,1.0,4,1.0,37.0,4.0,,,68.5,8,2022,8,11,12.0,8,1991,1,2,1976
22206,北海道 日高地方,笹山（ササヤマ）,,2026,1,8,16,0,0.0,8,1.5,4,0.0,9.0,4.0,,,54.0,8,1996,9,21,9.0,8,2007,1,7,1987
22241,北海道 日高地方,静内（シズナイ）,,2026,1,8,16,0,0.0,8,1.0,4,0.0,2.0,4.0,,,65.0,8,2016,8,23,9.5,8,2018,1,2,1976
22291,北海道 日高地方,三石（ミツイシ）,,2026,1,8,16,0,0.0,8,1.0,4,0.0,45.0,4.0,,,41.0,8,2021,8,23,10.0,8,2007,1,7,1977
22306,北海道 日高地方,中杵臼（ナカキネウス）,,2026,1,8,16,0,0.0,8,4.0,4,0.0,31.0,4.0,,,75.0,8,2023,10,5,15.0,8,2007,1,7,1978
22327,北海道 日高地方,浦河（ウラカワ）,47426.0,2026,1,8,16,0,0.0,8,1.0,4,0.0,28.0,4.0,,,60.0,8,2012,9,9,14.0,8,2002,1,8,1939
22356,北海道 日高地方,目黒（メグロ）,,2026,1,8,16,0,0.0,8,5.0,4,0.0,13.0,4.0,,,61.0,8,1985,9,7,14.0,8,2002,1,8,1978
22366,北海道 日高地方,幌満（ホロマン）,,2026,1,8,16,0,0.0,8,1.0,4,1.0,34.0,4.0,,,50.5,8,2022,7,4,12.0,8,2004,1,8,1978
22391,北海道 日高地方,えりも岬（エリモミサキ）,,2026,1,8,16,0,0.0,8,0.5,4,2.0,48.0,4.0,,,44.0,8,2020,8,17,11.0,8,2004,1,21,1978
23031,北海道 渡島地方,長万部（オシャマンベ）,,2026,1,8,16,0,0.0,8,1.0,4,7.0,20.0,4.0,,,90.0,8,1985,9,1,7.5,8,2017,1,27,1976
23086,北海道 渡島地方,八雲（ヤクモ）,,2026,1,8,16,0,0.0,8,0.5,4,6.0,39.0,4.0,,,53.0,8,2013,8,8,8.5,8,2017,1,27,1976
23166,北海道 渡島地方,森（モリ）,,2026,1,8,16,0,0.0,8,1.0,4,8.0,18.0,4.0,,,63.0,8,2017,7,22,10.0,8,2016,1,24,2002
23191,北海道 渡島地方,大沼（オオヌマ）,,2026,1,8,16,0,0.0,8,2.0,4,9.0,31.0,4.0,,,61.0,8,2007,7,28,10.0,8,2017,1,27,1976
23206,北海道 渡島地方,川汲（カックミ）,,2026,1,8,16,0,0.0,8,0.5,4,12.0,31.0,4.0,,,73.0,8,1998,9,16,12.5,8,2017,1,27,1976
23226,北海道 渡島地方,北斗（ホクト）,,2026,1,8,16,0,0.0,8,0.5,4,7.0,47.0,4.0,,,85.0,8,1991,10,15,10.0,8,2017,1,27,1976
23232,北海道 渡島地方,函館（ハコダテ）,47430.0,2026,1,8,16,0,0.0,8,0.5,4,9.0,53.0,4.0,,,64.0,8,2022,8,8,43.0,8,1891,1,14,1889
23281,北海道 渡島地方,高松（タカマツ）,,2026,1,8,16,0,0.0,8,0.0,4,,,,,,81.5,8,2022,8,8,12.0,8,2007,1,7,2003
23291,北海道 渡島地方,戸井泊（トイトマリ）,,2026,1,8,16,0,0.0,8,0.0,4,,,,,,102.0,8,2025,9,1,11.0,8,2007,1,7,2003
23321,北海道 渡島地方,知内（シリウチ）,,2026,1,8,16,0,0.0,8,1.5,4,9.0,27.0,4.0,,,66.5,8,2023,9,5,14.0,8,2024,1,22,2004
23326,北海道 渡島地方,木古内（キコナイ）,,2026,1,8,16,0,0.5,8,0.5,4,16.0,0.0,4.0,,,136.5,8,2021,11,2,11.0,8,2003,1,27,1976
23356,北海道 渡島地方,千軒（センゲン）,,2026,1,8,16,0,0.0,8,3.0,4,9.0,23.0,4.0,,,83.0,8,1994,9,21,11.5,8,2018,1,28,1978
23376,北海道 渡島地方,松前（マツマエ）,,2026,1,8,16,0,0.0,8,1.0,4,8.0,46.0,4.0,,,71.5,8,2013,8,9,9.5,8,2017,1,27,1977
24141,北海道 渡島地方,熊石（クマイシ）,,2026,1,8,16,0,0.0,8,0.5,4,15.0,52.0,4.0,,,71.5,8,2013,8,9,12.5,8,2017,1,27,1976
24041,北海道 檜山地方,せたな（セタナ）,,2026,1,8,16,0,0.0,8,1.5,4,4.0,11.0,4.0,,,69.0,8,2002,8,5,7.5,8,2024,1,12,1976
24051,北海道 檜山地方,今金（イマカネ）,,2026,1,8,16,0,0.0,8,2.0,4,2.0,28.0,4.0,,,57.5,8,2017,7,22,10.0,8,2024,1,12,1976
24101,北海道 檜山地方,奥尻（オクシリ）,,2026,1,8,16,0,0.0,8,1.0,4,4.0,44.0,4.0,,,50.0,8,2012,8,6,11.0,8,2021,1,16,2000
24156,北海道 檜山地方,米岡（ヨネオカ）,,2026,1,8,16,0,0.0,8,1.0,4,5.0,45.0,4.0,,,54.0,8,2018,9,24,6.5,8,2022,1,11,2003
24166,北海道 檜山地方,潮見（シオミ）,,2026,1,8,16,0,0.0,8,0.5,4,6.0,53.0,4.0,,,66.5,8,2010,8,11,9.0,8,2018,1,11,1976
24201,北海道 檜山地方,鶉（ウズラ）,,2026,1,8,16,0,0.5,8,0.5,4,16.0,0.0,4.0,,,89.0,8,2013,8,18,10.5,8,2017,1,27,1977
24217,北海道 檜山地方,江差（エサシ）,47428.0,2026,1,8,16,0,0.0,8,1.0,4,7.0,34.0,4.0,,,68.5,8,1975,9,8,10.5,8,2017,1,27,1941
24236,北海道 檜山地方,石崎（イシザキ）,,2026,1,8,16,0,0.0,8,1.0,4,8.0,59.0,4.0,,,82.0,8,1996,8,23,9.5,8,2017,1,27,1977
31001,青森県,大間（オオマ）,,2026,1,8,16,0,0.0,8,0.5,4,7.0,24.0,4.0,,,52.0,8,1998,8,3,12.0,8,2007,1,7,1976
31036,青森県,湯野川（ユノカワ）,,2026,1,8,16,0,0.0,8,1.5,4,6.0,20.0,4.0,,,58.5,8,2016,7,31,15.0,8,2007,1,7,2005
31111,青森県,むつ（ムツ）,47576.0,2026,1,8,16,0,0.0,8,0.5,4,10.0,16.0,4.0,,,55.5,8,2021,11,2,12.0,8,1970,1,31,1937
31121,青森県,小田野沢（オダノサワ）,,2026,1,8,16,0,0.0,8,1.0,4,11.0,53.0,4.0,,,48.0,8,1982,9,13,10.0,8,2007,1,7,1976
31136,青森県,今別（イマベツ）,,2026,1,8,16,0,0.0,8,1.0,4,8.0,36.0,4.0,,,58.0,8,2006,8,18,13.5,8,2017,1,27,1976
31156,青森県,脇野沢（ワキノサワ）,,2026,1,8,16,0,0.0,8,1.0,4,3.0,42.0,4.0,,,60.0,8,2005,9,18,13.0,8,2007,1,7,1976
31186,青森県,市浦（シウラ）,,2026,1,8,16,0,0.0,8,1.0,4,12.0,4.0,4.0,,,77.0,8,1994,8,30,10.0,8,2014,1,30,1976
31201,青森県,蟹田（カニタ）,,2026,1,8,16,0,0.0,8,1.5,4,11.0,45.0,4.0,,,61.0,8,2006,8,18,11.0,8,2007,1,7,1976
31296,青森県,五所川原（ゴショガワラ）,,2026,1,8,16,0,0.0,8,3.5,4,11.0,53.0,4.0,,,59.0,8,2014,9,10,9.0,8,2011,1,24,1976
31312,青森県,青森（アオモリ）,47575.0,2026,1,8,16,0,0.0,8,3.5,4,11.0,44.0,4.0,,,67.5,8,2000,7,25,12.8,8,1966,1,4,1937
31321,青森県,大和山（ヤマトヤマ）,,2026,1,8,16,0,0.0,8,3.0,4,13.0,5.0,4.0,,,50.0,8,2007,11,12,10.0,8,2007,1,7,1976
31332,青森県,野辺地（ノヘジ）,,2026,1,8,16,0,0.0,8,3.0,4,12.0,22.0,4.0,,,55.5,8,2023,7,11,7.5,8,2009,1,10,2008
31336,青森県,六ケ所（ロッカショ）,,2026,1,8,16,0,0.0,8,3.5,4,14.0,49.0,4.0,,,47.5,8,2021,11,2,11.0,8,2008,1,24,1982
31366,青森県,鰺ケ沢（アジガサワ）,,2026,1,8,16,0,0.0,8,3.5,4,11.0,32.0,4.0,,,52.0,8,2020,9,4,11.0,8,1999,1,28,1976
31386,青森県,青森大谷（アオモリオオタニ）,,2026,1,8,16,0,0.5,8,3.0,4,12.0,7.0,4.0,,,41.0,8,2012,7,16,11.0,8,2014,1,30,2003
31411,青森県,七戸（シチノヘ）,,2026,1,8,16,0,0.5,8,1.0,4,14.0,3.0,4.0,,,41.0,8,2017,7,22,9.0,8,2007,1,7,1977
31436,青森県,深浦（フカウラ）,47574.0,2026,1,8,16,0,0.0,8,3.0,4,11.0,28.0,4.0,,,91.5,8,2022,8,3,16.0,8,2014,1,28,1940
31451,青森県,岳（ダケ）,,2026,1,8,16,0,0.5,8,4.5,4,12.0,23.0,4.0,,,66.5,8,2012,9,5,10.0,4,2001,1,17,1976
31461,青森県,弘前（ヒロサキ）,,2026,1,8,16,0,2.0,8,6.0,4,12.0,37.0,4.0,,,88.0,8,2020,9,4,8.0,8,2005,1,29,1976
31466,青森県,黒石（クロイシ）,,2026,1,8,16,0,0.0,8,2.5,4,12.0,9.0,4.0,,,58.0,8,1977,8,5,9.0,8,2014,1,30,1976
31482,青森県,酸ケ湯（スカユ）,,2026,1,8,16,0,0.5,8,3.5,4,12.0,42.0,4.0,,,52.0,8,2006,8,18,15.0,8,1981,1,7,1976
31506,青森県,三沢（ミサワ）,,2026,1,8,16,0,0.0,8,0.5,4,15.0,55.0,4.0,,,61.0,8,1990,11,4,10.0,8,1981,1,2,1976
31551,青森県,大鰐（オオワニ）,,2026,1,8,16,0,0.5,8,1.5,4,14.0,13.0,4.0,,,51.5,8,2022,7,5,6.5,8,2026,1,7,2010
31562,青森県,温川（ヌルカワ）,,2026,1,8,16,0,0.5,8,3.5,4,13.0,17.0,4.0,,,51.0,8,2021,7,12,12.0,8,1999,1,14,1983
31586,青森県,十和田（トワダ）,,2026,1,8,16,0,0.0,8,0.5,4,13.0,45.0,4.0,,,62.0,8,1990,10,26,9.0,8,2007,1,7,1976
31602,青森県,八戸（ハチノヘ）,47581.0,2026,1,8,16,0,0.0,8,2.5,4,14.0,9.0,4.0,,,67.0,8,1969,8,5,13.5,8,2007,1,6,1936
31646,青森県,碇ケ関（イカリガセキ）,,2026,1,8,16,0,0.0,8,1.5,4,2.0,51.0,4.0,,,86.5,8,2012,8,6,10.0,8,2005,1,3,1976
31662,青森県,休屋（ヤスミヤ）,,2026,1,8,16,0,0.5,8,4.5,4,14.0,4.0,4.0,,,61.0,8,2025,8,19,8.0,8,2021,1,16,1982
31671,青森県,戸来（ヘライ）,,2026,1,8,16,0,0.0,8,0.5,4,14.0,12.0,4.0,,,51.0,8,1999,10,28,9.0,8,2007,1,7,1978
31721,青森県,三戸（サンノヘ）,,2026,1,8,16,0,0.0,8,1.0,4,14.0,38.0,4.0,,,49.0,8,1999,10,28,12.0,8,2007,1,7,1976
32056,秋田県,八森（ハチモリ）,,2026,1,8,16,0,0.0,8,1.0,4,14.0,56.0,4.0,,,72.5,8,2022,8,3,14.0,8,2024,1,5,1976
32071,秋田県,藤里（フジサト）,,2026,1,8,16,0,0.0,8,3.0,4,13.0,1.0,4.0,,,68.0,8,2022,8,3,14.5,8,2020,1,29,1978
32091,秋田県,陣場（ジンバ）,,2026,1,8,16,0,0.5,8,3.0,4,13.0,15.0,4.0,,,78.0,8,2017,7,22,16.0,8,2006,1,14,1976
32096,秋田県,藤原（フジワラ）,,2026,1,8,16,0,0.5,8,2.5,4,4.0,45.0,4.0,,,56.0,8,2005,9,19,7.0,8,2007,1,6,1983
32111,秋田県,能代（ノシロ）,,2026,1,8,16,0,0.0,8,1.5,4,14.0,8.0,4.0,,,90.5,8,2025,9,17,10.0,8,2005,1,29,1976
32126,秋田県,鷹巣（タカノス）,,2026,1,8,16,0,0.0,8,1.5,4,5.0,17.0,4.0,,,70.5,8,2022,8,3,9.0,8,2024,1,14,1976
32136,秋田県,大館（オオダテ）,,2026,1,8,16,0,0.0,8,2.0,4,14.0,5.0,4.0,,,68.0,8,2013,8,9,9.0,8,2024,1,14,1976
32146,秋田県,鹿角（カヅノ）,,2026,1,8,16,0,0.0,8,2.5,4,14.0,55.0,4.0,,,108.5,8,2013,8,9,7.5,8,2024,1,14,1976
32181,秋田県,脇神（ワキガミ）,,2026,1,8,16,0,0.0,8,1.5,4,5.0,20.0,4.0,,,66.0,8,2006,8,18,9.5,8,2024,1,14,2003
32206,秋田県,湯瀬（ユゼ）,,2026,1,8,16,0,1.0,8,2.5,4,0.0,45.0,4.0,,,54.5,8,2022,7,23,8.0,8,1985,1,31,1976
32266,秋田県,八幡平（ハチマンタイ）,,2026,1,8,16,0,1.0,8,4.0,4,15.0,24.0,4.0,,,58.0,8,2014,8,1,10.0,8,1998,1,18,1978
32276,秋田県,男鹿真山（オガシンザン）,,2026,1,8,16,0,0.0,8,1.0,4,15.0,2.0,4.0,,,64.5,8,2022,8,10,20.5,8,2022,1,9,1985
32286,秋田県,男鹿（オガ）,,2026,1,8,16,0,0.0,8,1.5,4,15.0,10.0,4.0,,,64.5,8,2011,7,28,11.5,8,2026,1,7,1976
32287,秋田県,大潟（オオガタ）,,2026,1,8,16,0,0.5,8,2.0,4,15.0,12.0,4.0,,,61.0,8,2005,9,1,12.5,8,2010,1,28,1977
32296,秋田県,五城目（ゴジョウメ）,,2026,1,8,16,0,2.0,8,4.5,4,15.0,44.0,4.0,,,78.5,8,2025,8,15,13.0,4,1976,1,17,1976
32311,秋田県,阿仁合（アニアイ）,,2026,1,8,16,0,4.0,8,5.0,4,15.0,2.0,4.0,,,94.5,8,2024,7,25,9.5,8,2024,1,14,1976
32312,秋田県,比立内（ヒタチナイ）,,2026,1,8,16,0,5.5,8,6.0,4,15.0,59.0,4.0,,,66.0,8,1979,7,8,10.5,8,2022,1,2,1976
32376,秋田県,桧木内（ヒノキナイ）,,2026,1,8,16,0,2.5,8,3.5,4,0.0,3.0,4.0,,,81.0,8,2013,8,9,11.0,8,2013,1,25,1978
32402,秋田県,秋田（アキタ）,47582.0,2026,1,8,16,0,0.0,8,3.0,4,3.0,9.0,4.0,,,72.4,8,1964,8,13,23.0,8,2022,1,9,1938
32407,秋田県,岩見三内（イワミサンナイ）,,2026,1,8,16,0,1.0,8,2.5,4,0.0,6.0,4.0,,,58.0,8,1987,8,17,12.0,8,2002,1,1,1976
32408,秋田県,仁別（ニベツ）,,2026,1,8,16,0,1.0,8,2.5,4,0.0,4.0,4.0,,,81.0,8,2018,8,5,14.0,8,2022,1,2,1985
32426,秋田県,鎧畑（ヨロイバタ）,,2026,1,8,16,0,1.0,8,5.5,4,0.0,6.0,4.0,,,88.0,8,2013,8,9,14.0,8,2007,1,6,1977
32431,秋田県,田沢湖高原（タザワココウゲン）,,2026,1,8,16,0,0.5,8,6.0,4,0.0,8.0,4.0,,,48.5,8,2017,8,22,8.0,8,2024,1,14,2014
32451,秋田県,雄和（ユウワ）,,2026,1,8,16,0,0.5,8,2.5,4,3.0,28.0,4.0,,,73.5,8,2017,7,22,10.0,8,2024,1,14,2003
32466,秋田県,角館（カクノダテ）,,2026,1,8,16,0,1.5,8,3.5,4,0.0,2.0,4.0,,,66.0,8,1990,7,26,10.0,8,1985,1,16,1976
32476,秋田県,田沢湖（タザワコ）,,2026,1,8,16,0,1.5,8,5.0,4,0.0,6.0,4.0,,,52.0,8,2002,8,6,14.0,4,1981,1,4,1976
32496,秋田県,大正寺（ダイショウジ）,,2026,1,8,16,0,0.0,8,2.5,4,5.0,8.0,4.0,,,62.5,8,2019,8,10,11.0,8,2021,1,14,1976
32551,秋田県,大曲（オオマガリ）,,2026,1,8,16,0,0.0,8,3.0,4,0.0,4.0,4.0,,,68.5,8,2020,8,30,8.5,8,2014,1,1,1976
32571,秋田県,本荘（ホンジョウ）,,2026,1,8,16,0,0.0,8,1.5,4,0.0,12.0,4.0,,,117.5,8,2025,8,8,13.5,8,2010,1,20,1976
32581,秋田県,東由利（ヒガシユリ）,,2026,1,8,16,0,0.0,8,3.5,4,5.0,11.0,4.0,,,69.5,8,2020,9,4,11.0,8,1985,1,16,1976
32596,秋田県,横手（ヨコテ）,,2026,1,8,16,0,0.0,8,3.0,4,8.0,39.0,4.0,,,68.5,8,2017,7,22,10.0,8,2007,1,6,1976
32616,秋田県,にかほ（ニカホ）,,2026,1,8,16,0,0.0,8,1.0,4,4.0,50.0,4.0,,,64.5,8,2010,8,25,13.0,8,2010,1,20,1976
32626,秋田県,矢島（ヤシマ）,,2026,1,8,16,0,0.0,8,4.0,4,4.0,14.0,4.0,,,58.0,8,1998,8,7,12.0,8,2024,1,14,1976
32681,秋田県,笹子（ジネゴ）,,2026,1,8,16,0,0.0,8,3.0,4,5.0,13.0,4.0,,,66.0,8,2019,8,10,8.0,8,2013,1,2,1983
32691,秋田県,湯沢（ユザワ）,,2026,1,8,16,0,0.5,8,2.0,4,7.0,2.0,4.0,,,52.0,8,2019,8,10,8.0,8,2007,1,6,1976
32701,秋田県,東成瀬（ヒガシナルセ）,,2026,1,8,16,0,0.5,8,2.5,4,5.0,54.0,4.0,,,49.0,8,2013,7,27,7.0,8,2007,1,6,1976
32771,秋田県,湯の岱（ユノタイ）,,2026,1,8,16,0,0.0,8,4.5,4,0.0,8.0,4.0,,,50.0,8,1989,7,24,12.0,8,1983,1,16,1976
33006,岩手県,種市（タネイチ）,,2026,1,8,16,0,0.0,8,3.0,4,14.0,56.0,4.0,,,86.0,8,2007,11,11,14.0,8,2007,1,7,1976
33026,岩手県,軽米（カルマイ）,,2026,1,8,16,0,0.0,8,0.5,4,15.0,12.0,4.0,,,65.0,8,2005,7,31,10.0,8,2007,1,6,1976
33071,岩手県,二戸（ニノヘ）,,2026,1,8,16,0,0.0,8,1.0,4,15.0,26.0,4.0,,,47.0,8,2014,8,15,13.0,8,2007,1,7,1976
33086,岩手県,大野（オオノ）,,2026,1,8,16,0,0.0,8,0.5,4,7.0,24.0,4.0,,,58.0,8,2016,8,30,14.0,8,2007,1,6,1976
33136,岩手県,山形（ヤマガタ）,,2026,1,8,16,0,0.0,8,0.5,4,9.0,9.0,4.0,,,62.5,8,2008,7,7,10.0,8,2007,1,6,1977
33146,岩手県,久慈（クジ）,,2026,1,8,16,0,0.0,8,0.0,4,,,,,,71.0,8,2019,10,13,13.0,8,2009,1,10,1976
33166,岩手県,荒屋（アラヤ）,,2026,1,8,16,0,1.5,8,1.5,4,16.0,0.0,4.0,,,55.5,8,2016,8,26,7.0,8,2003,1,27,1976
33176,岩手県,奥中山（オクナカヤマ）,,2026,1,8,16,0,0.5,8,1.5,4,0.0,46.0,4.0,,,43.5,8,2025,9,2,7.0,8,2002,1,21,1977
33186,岩手県,葛巻（クズマキ）,,2026,1,8,16,0,0.0,8,0.5,4,2.0,4.0,4.0,,,49.0,8,2002,8,19,8.0,8,2025,1,26,1976
33201,岩手県,下戸鎖（シモトクサリ）,,2026,1,8,16,0,0.0,8,0.0,4,,,,,,80.0,8,2016,8,30,18.0,8,2007,1,6,1978
33206,岩手県,普代（フダイ）,,2026,1,8,16,0,0.0,8,0.0,4,,,,,,95.0,8,2019,10,13,18.0,8,2007,1,6,1976
33226,岩手県,岩手松尾（イワテマツオ）,,2026,1,8,16,0,0.5,8,0.5,4,16.0,0.0,4.0,,,75.5,8,2024,8,6,8.0,8,2002,1,21,1976
33231,岩手県,一方井（イッカタイ）,,2026,1,8,16,0,0.5,8,1.0,4,0.0,57.0,4.0,,,34.5,8,2022,9,20,6.0,8,2025,1,26,2014
33296,岩手県,好摩（コウマ）,,2026,1,8,16,0,0.0,8,3.0,4,0.0,40.0,4.0,,,61.5,8,2022,8,14,10.0,8,2002,1,21,1976
33326,岩手県,岩泉（イワイズミ）,,2026,1,8,16,0,0.0,8,0.0,4,,,,,,70.5,8,2016,8,30,17.0,8,2007,1,6,1976
33336,岩手県,小本（オモト）,,2026,1,8,16,0,0.0,8,0.0,4,,,,,,124.5,8,2023,8,13,29.0,8,2007,1,6,1977
33351,岩手県,葛根田（カッコンダ）,,2026,1,8,16,0,0.0,8,4.0,4,0.0,29.0,4.0,,,64.5,8,2021,6,14,8.0,8,2007,1,6,1977
33361,岩手県,滝沢（タキザワ）,,2026,1,8,16,0,0.0,8,4.5,4,0.0,22.0,4.0,,,64.0,8,2023,8,19,8.5,8,2025,1,26,2005
33371,岩手県,薮川（ヤブカワ）,,2026,1,8,16,0,0.0,8,2.5,4,0.0,35.0,4.0,,,99.5,8,2024,8,27,9.0,8,2007,1,6,1976
33421,岩手県,雫石（シズクイシ）,,2026,1,8,16,0,0.0,8,3.0,4,0.0,16.0,4.0,,,78.0,8,2013,8,9,8.0,8,1985,1,16,1976
33431,岩手県,盛岡（モリオカ）,47584.0,2026,1,8,16,0,0.0,8,2.0,4,0.0,36.0,4.0,,,68.0,8,2024,8,27,11.5,8,2002,1,21,1923
33441,岩手県,区界（クザカイ）,,2026,1,8,16,0,0.0,8,1.0,4,0.0,43.0,4.0,,,86.5,8,2013,7,15,9.0,8,1998,1,18,1993
33472,岩手県,宮古（ミヤコ）,47585.0,2026,1,8,16,0,0.0,8,0.0,4,,,,,,84.5,8,2019,10,13,54.0,8,2007,1,6,1937
33486,岩手県,沢内（サワウチ）,,2026,1,8,16,0,1.0,8,4.0,4,0.0,3.0,4.0,,,55.0,8,2017,8,24,6.5,8,2024,1,14,2017
33501,岩手県,紫波（シワ）,,2026,1,8,16,0,0.0,8,1.0,4,0.0,53.0,4.0,,,95.5,8,2015,6,16,8.0,8,2002,1,21,1976
33526,岩手県,川井（カワイ）,,2026,1,8,16,0,0.0,8,0.0,4,,,,,,67.5,8,2015,8,11,12.0,8,2007,1,6,1977
33566,岩手県,豊沢（トヨサワ）,,2026,1,8,16,0,0.0,8,2.0,4,0.0,23.0,4.0,,,47.0,8,2022,8,14,10.0,8,2002,1,21,1976
33576,岩手県,花巻（ハナマキ）,,2026,1,8,16,0,0.0,8,0.5,4,2.0,2.0,4.0,,,65.5,8,2014,9,10,9.0,8,2007,1,6,1976
33581,岩手県,大迫（オオハサマ）,,2026,1,8,16,0,0.0,8,0.5,4,9.0,40.0,4.0,,,63.5,8,2013,8,9,8.0,8,1998,1,18,1976
33596,岩手県,附馬牛（ツキモウシ）,,2026,1,8,16,0,0.0,8,0.5,4,11.0,1.0,4.0,,,53.5,8,2023,8,12,14.0,8,2007,1,6,2005
33611,岩手県,大槌（オオツチ）,,2026,1,8,16,0,0.0,8,0.0,4,,,,,,69.5,8,2023,8,12,19.0,8,2007,1,6,2000
33616,岩手県,山田（ヤマダ）,,2026,1,8,16,0,0.0,8,0.0,4,,,,,,77.5,8,2019,10,13,40.0,8,2007,1,6,1976
33631,岩手県,湯田（ユダ）,,2026,1,8,16,0,0.0,8,2.0,4,4.0,23.0,4.0,,,45.0,8,2012,10,1,11.0,8,2007,1,6,1976
33671,岩手県,遠野（トオノ）,,2026,1,8,16,0,0.0,8,0.0,4,,,,,,75.5,8,2023,8,19,18.0,8,2007,1,6,1976
33711,岩手県,金ケ崎（カネガサキ）,,2026,1,8,16,0,0.0,8,1.0,4,10.0,18.0,4.0,,,57.0,8,2022,8,13,8.0,8,2007,1,6,2006
33716,岩手県,北上（キタカミ）,,2026,1,8,16,0,0.0,8,0.0,4,,,,,,65.0,8,1982,8,30,8.0,8,2007,1,6,1976
33726,岩手県,米里（ヨネサト）,,2026,1,8,16,0,0.0,8,0.0,4,,,,,,54.0,8,2022,7,4,17.0,8,2007,1,6,1976
33751,岩手県,釜石（カマイシ）,,2026,1,8,16,0,0.0,8,0.0,4,,,,,,68.0,8,2013,7,26,30.0,8,2007,1,6,1976
33776,岩手県,若柳（ワカヤナギ）,,2026,1,8,16,0,0.0,8,0.0,4,,,,,,40.0,8,2007,5,31,8.0,8,2007,1,6,1976
33781,岩手県,江刺（エサシ）,,2026,1,8,16,0,0.0,8,0.0,4,,,,,,65.0,8,2021,6,15,9.0,8,2007,1,6,1976
33801,岩手県,住田（スミタ）,,2026,1,8,16,0,0.0,8,1.0,4,6.0,15.0,4.0,,,66.5,8,2013,7,26,12.0,8,2007,1,6,1977
33831,岩手県,祭畤（マツルベ）,,2026,1,8,16,0,0.0,8,1.5,4,5.0,53.0,4.0,,,82.5,8,2012,10,1,23.0,8,2002,1,21,1976
33841,岩手県,衣川（コロモガワ）,,2026,1,8,16,0,0.0,8,0.0,4,,,,,,47.0,8,2021,6,15,10.0,8,2007,1,6,1976
33856,岩手県,大東（ダイトウ）,,2026,1,8,16,0,0.0,8,0.0,4,,,,,,46.5,8,2013,7,26,9.0,8,2007,1,6,2005
33877,岩手県,大船渡（オオフナト）,47512.0,2026,1,8,16,0,0.0,8,0.0,4,,,,,,58.0,8,2019,8,8,39.5,8,2007,1,6,1963
33911,岩手県,一関（イチノセキ）,,2026,1,8,16,0,0.0,8,0.5,4,5.0,28.0,4.0,,,49.0,8,2016,8,2,12.0,8,2007,1,6,1976
33921,岩手県,千厩（センマヤ）,,2026,1,8,16,0,0.0,8,0.0,4,,,,,,59.0,8,1982,8,21,10.0,8,2007,1,6,1976
34012,宮城県,駒ノ湯（コマノユ）,,2026,1,8,16,0,0.5,8,1.5,4,1.0,1.0,4.0,,,72.0,8,2015,9,11,16.0,8,2002,1,21,1976
34026,宮城県,気仙沼（ケセンヌマ）,,2026,1,8,16,0,0.0,8,0.0,4,,,,,,84.5,8,2013,7,26,18.0,8,2007,1,6,1976
34056,宮城県,鴬沢（ウグイスザワ）,,2026,1,8,16,0,0.0,8,0.0,4,,,,,,51.5,8,2015,9,11,11.0,8,2007,1,6,2001
34096,宮城県,川渡（カワタビ）,,2026,1,8,16,0,0.5,8,2.5,4,10.0,24.0,4.0,,,76.0,8,1989,8,14,10.0,8,2007,1,6,1976
34111,宮城県,築館（ツキダテ）,,2026,1,8,16,0,0.0,8,0.0,4,,,,,,68.0,8,1977,7,26,13.0,8,2007,1,6,1976
34171,宮城県,米山（ヨネヤマ）,,2026,1,8,16,0,0.0,8,0.0,4,,,,,,55.0,8,2019,10,13,10.0,8,2002,1,21,1976
34186,宮城県,志津川（シヅガワ）,,2026,1,8,16,0,0.0,8,0.0,4,,,,,,67.5,8,2023,9,6,13.0,8,2007,1,6,1976
34206,宮城県,加美（カミ）,,2026,1,8,16,0,0.5,8,1.0,4,6.0,6.0,4.0,,,56.5,8,2014,8,7,11.0,8,2007,1,6,2005
34216,宮城県,古川（フルカワ）,,2026,1,8,16,0,0.0,8,0.5,4,9.0,50.0,4.0,,,74.0,8,2022,7,16,12.0,8,2007,1,6,1976
34241,宮城県,雄勝（オガツ）,,2026,1,8,16,0,0.0,8,0.0,4,,,,,,95.0,8,2005,10,22,22.0,8,2007,1,6,1976
34262,宮城県,泉ケ岳（イズミガダケ）,,2026,1,8,16,0,0.5,8,1.0,4,15.0,56.0,4.0,,,65.0,8,2015,9,10,12.5,8,2020,1,29,2005
34266,宮城県,大衡（オオヒラ）,,2026,1,8,16,0,0.0,8,0.0,4,,,,,,62.0,8,2015,9,11,12.0,8,2002,1,21,1976
34276,宮城県,鹿島台（カシマダイ）,,2026,1,8,16,0,0.0,8,0.0,4,,,,,,59.0,8,2023,9,6,13.0,8,2007,1,6,1976
34292,宮城県,石巻（イシノマキ）,47592.0,2026,1,8,16,0,0.0,8,0.0,4,,,,,,91.0,8,2014,9,11,14.0,8,2002,1,27,1937
34296,宮城県,女川（オナガワ）,,2026,1,8,16,0,0.0,8,0.0,4,,,,,,76.5,8,2011,9,21,10.0,8,2020,1,29,2011
34311,宮城県,新川（ニッカワ）,,2026,1,8,16,0,0.5,8,1.0,4,13.0,9.0,4.0,,,72.0,8,1990,7,24,14.0,8,2002,1,21,1976
34331,宮城県,塩釜（シオガマ）,,2026,1,8,16,0,0.0,8,0.0,4,,,,,,69.0,8,1990,9,20,10.0,8,2007,1,6,1976
34392,宮城県,仙台（センダイ）,47590.0,2026,1,8,16,0,0.0,8,0.0,4,,,,,,94.3,8,1948,9,16,12.5,8,2007,1,6,1937
34436,宮城県,名取（ナトリ）,,2026,1,8,16,0,0.0,8,0.0,4,,,,,,65.5,8,2011,9,21,10.0,8,2007,1,6,2003
34461,宮城県,白石（シロイシ）,,2026,1,8,16,0,0.0,8,1.0,4,9.0,59.0,4.0,,,51.0,8,1982,9,12,12.5,8,2020,1,29,1976
34462,宮城県,蔵王（ザオウ）,,2026,1,8,16,0,0.0,8,0.0,4,,,,,,57.5,8,2014,8,7,9.5,8,2020,1,29,2005
34471,宮城県,亘理（ワタリ）,,2026,1,8,16,0,0.0,8,0.0,4,,,,,,74.0,8,1990,9,20,11.0,8,2020,1,29,1976
34506,宮城県,丸森（マルモリ）,,2026,1,8,16,0,0.0,8,0.5,4,10.0,47.0,4.0,,,69.0,8,2008,8,29,16.5,8,2024,1,21,1977
34526,宮城県,筆甫（ヒッポ）,,2026,1,8,16,0,0.0,8,0.0,4,,,,,,86.0,8,2013,7,26,15.0,8,2020,1,29,1978
35002,山形県,飛島（トビシマ）,,2026,1,8,16,0,0.0,8,1.0,4,4.0,12.0,4.0,,,63.0,8,2005,8,13,11.0,8,2009,1,12,1978
35052,山形県,酒田（サカタ）,47587.0,2026,1,8,16,0,0.0,8,3.0,4,4.0,44.0,4.0,,,86.0,8,2024,7,25,13.4,8,1963,1,6,1937
35056,山形県,酒田大沢（サカタオオサワ）,,2026,1,8,16,0,0.0,8,4.0,4,4.0,57.0,4.0,,,112.5,8,2018,8,5,9.5,8,2024,1,9,2017
35071,山形県,差首鍋（サスナベ）,,2026,1,8,16,0,0.5,8,4.5,4,0.0,30.0,4.0,,,72.0,8,2018,8,5,10.5,8,2024,1,9,1976
35086,山形県,浜中（ハマナカ）,,2026,1,8,16,0,0.0,8,4.0,4,0.0,16.0,4.0,,,82.0,8,2008,8,14,10.0,8,2024,1,9,2003
35116,山形県,金山（カネヤマ）,,2026,1,8,16,0,0.5,8,3.5,4,0.0,3.0,4.0,,,59.0,8,2018,8,5,9.0,8,2002,1,12,1976
35141,山形県,鶴岡（ツルオカ）,,2026,1,8,16,0,0.0,8,3.5,4,4.0,36.0,4.0,,,75.5,8,2018,8,5,10.0,8,2019,1,25,1976
35146,山形県,狩川（カリカワ）,,2026,1,8,16,0,0.0,8,3.5,4,4.0,35.0,4.0,,,67.5,8,2008,8,15,9.0,8,2003,1,4,1976
35162,山形県,新庄（シンジョウ）,47520.0,2026,1,8,16,0,1.0,8,4.0,4,3.0,57.0,4.0,,,75.0,8,1974,8,1,10.0,8,2002,1,21,1957
35171,山形県,瀬見（セミ）,,2026,1,8,16,0,1.0,8,4.0,4,4.0,3.0,4.0,,,63.0,8,1997,7,14,12.0,8,2002,1,12,1976
35176,山形県,向町（ムカイマチ）,,2026,1,8,16,0,0.5,8,3.5,4,4.0,15.0,4.0,,,63.0,8,2024,7,25,9.0,8,2007,1,6,1976
35201,山形県,櫛引（クシビキ）,,2026,1,8,16,0,0.0,8,5.0,4,5.0,8.0,4.0,,,63.0,8,2013,7,22,9.0,8,2020,1,9,1977
35216,山形県,肘折（ヒジオリ）,,2026,1,8,16,0,1.5,8,3.5,4,11.0,47.0,4.0,,,67.5,8,2018,8,6,9.0,8,2001,1,15,1976
35231,山形県,尾花沢（オバナザワ）,,2026,1,8,16,0,0.0,8,3.0,4,5.0,25.0,4.0,,,61.0,8,1976,8,5,7.0,8,2005,1,11,1976
35246,山形県,鼠ケ関（ネズガセキ）,,2026,1,8,16,0,0.0,8,1.5,4,2.0,16.0,4.0,,,70.0,8,2018,8,5,11.0,8,2007,1,8,1976
35256,山形県,荒沢（アラサワ）,,2026,1,8,16,0,0.5,8,4.0,4,4.0,40.0,4.0,,,59.0,8,2012,10,5,16.0,8,2007,1,8,1979
35332,山形県,村山（ムラヤマ）,,2026,1,8,16,0,0.0,8,2.5,4,1.0,46.0,4.0,,,51.5,8,2015,7,22,6.5,8,2020,1,29,2002
35334,山形県,東根（ヒガシネ）,,2026,1,8,16,0,0.0,8,1.5,4,1.0,7.0,4.0,,,37.5,8,2018,8,6,26.0,4,2006,1,20,2003
35361,山形県,大井沢（オオイサワ）,,2026,1,8,16,0,0.5,8,3.0,4,12.0,3.0,4.0,,,60.0,8,2000,7,4,11.0,8,2005,1,10,1978
35376,山形県,左沢（アテラザワ）,,2026,1,8,16,0,0.0,8,4.5,4,0.0,47.0,4.0,,,53.5,8,2024,8,7,7.0,8,1987,1,8,1976
35426,山形県,山形（ヤマガタ）,47588.0,2026,1,8,16,0,0.0,8,1.0,4,1.0,36.0,4.0,,,74.5,8,1981,8,3,10.0,8,2020,1,29,1931
35456,山形県,長井（ナガイ）,,2026,1,8,16,0,0.5,8,5.0,4,1.0,33.0,4.0,,,72.5,8,2022,8,3,8.5,8,2014,1,30,1976
35466,山形県,上山中山（カミノヤマナカヤマ）,,2026,1,8,16,0,0.5,8,2.5,4,1.0,51.0,4.0,,,54.5,8,2014,7,9,6.5,8,2011,1,17,2006
35486,山形県,小国（オグニ）,,2026,1,8,16,0,0.5,8,7.5,4,0.0,52.0,4.0,,,78.0,8,2004,7,17,14.0,8,2007,1,7,1976
35511,山形県,高畠（タカハタ）,,2026,1,8,16,0,0.0,8,1.0,4,4.0,42.0,4.0,,,55.5,8,2023,8,17,13.0,8,1981,1,3,1977
35537,山形県,中津川（ナカツガワ）,,2026,1,8,16,0,1.5,8,4.0,4,14.0,4.0,4.0,,,80.0,8,1983,8,11,19.0,8,1990,1,27,1981
35541,山形県,高峰（タカミネ）,,2026,1,8,16,0,1.5,8,3.5,4,3.0,53.0,4.0,,,59.5,8,2011,7,11,11.0,8,1991,1,6,1976
35552,山形県,米沢（ヨネザワ）,,2026,1,8,16,0,2.0,8,2.5,4,15.0,56.0,4.0,,,55.0,8,1983,9,8,8.5,8,2009,1,31,1976
36056,福島県,茂庭（モニワ）,,2026,1,8,16,0,0.0,8,0.5,4,15.0,38.0,4.0,,,55.5,8,2016,8,17,8.0,8,2024,1,21,1992
36066,福島県,梁川（ヤナガワ）,,2026,1,8,16,0,0.0,8,0.0,4,,,,,,68.0,8,1981,7,11,9.0,8,2020,1,29,1976
36106,福島県,桧原（ヒバラ）,,2026,1,8,16,0,0.0,8,3.0,4,3.0,45.0,4.0,,,67.0,8,1998,8,6,11.0,8,2009,1,31,1978
36127,福島県,福島（フクシマ）,47595.0,2026,1,8,16,0,0.0,8,0.0,4,,,,,,71.0,8,2017,7,28,11.7,8,1962,1,1,1937
36151,福島県,相馬（ソウマ）,,2026,1,8,16,0,0.0,8,0.0,4,,,,,,60.0,8,2020,9,11,24.0,8,2020,1,29,1976
36176,福島県,喜多方（キタカタ）,,2026,1,8,16,0,0.5,8,3.0,4,3.0,48.0,4.0,,,87.0,8,2024,8,7,9.5,8,2022,1,2,1976
36196,福島県,鷲倉（ワシクラ）,,2026,1,8,16,0,0.0,8,2.0,4,12.0,57.0,4.0,,,75.0,8,2016,8,2,16.0,8,2002,1,21,1977
36221,福島県,飯舘（イイタテ）,,2026,1,8,16,0,0.0,8,0.0,4,,,,,,92.0,8,1994,8,20,11.0,8,2002,1,27,1976
36231,福島県,原町（ハラマチ）,,2026,1,8,16,0,0.0,8,0.0,4,,,,,,71.0,8,2023,9,9,31.0,8,2020,1,29,1976
36251,福島県,西会津（ニシアイヅ）,,2026,1,8,16,0,0.5,8,2.0,4,7.0,2.0,4.0,,,45.5,8,2010,8,31,11.0,8,2017,1,13,1976
36276,福島県,猪苗代（イナワシロ）,,2026,1,8,16,0,0.0,8,1.0,4,7.0,3.0,4.0,,,56.5,8,2024,8,7,16.5,8,2009,1,31,1976
36291,福島県,二本松（ニホンマツ）,,2026,1,8,16,0,0.0,8,0.0,4,,,,,,94.0,8,2022,7,28,8.0,8,2020,1,29,1976
36307,福島県,津島（ツシマ）,,2026,1,8,16,0,0.0,8,0.0,4,,,,,,59.5,8,2012,7,30,12.0,8,2024,1,21,1977
36342,福島県,金山（カネヤマ）,,2026,1,8,16,0,1.0,8,3.0,4,14.0,9.0,4.0,,,72.5,8,2009,7,26,9.5,8,2022,1,1,2007
36361,福島県,若松（ワカマツ）,47570.0,2026,1,8,16,0,0.0,8,0.5,4,8.0,50.0,4.0,,,75.0,8,2008,9,3,13.5,8,1970,1,31,1953
36391,福島県,船引（フネヒキ）,,2026,1,8,16,0,0.0,8,0.0,4,,,,,,63.0,8,2014,8,2,9.0,8,2009,1,31,1976
36411,福島県,浪江（ナミエ）,,2026,1,8,16,0,0.0,8,0.0,4,,,,,,62.0,8,2019,10,25,24.0,8,2020,1,29,1976
36426,福島県,只見（タダミ）,,2026,1,8,16,0,0.5,8,3.5,4,13.0,47.0,4.0,,,88.5,8,2017,7,18,11.0,8,1988,1,29,1976
36461,福島県,湖南（コナン）,,2026,1,8,16,0,0.0,8,0.5,4,11.0,36.0,4.0,,,77.5,8,2019,7,24,11.0,8,2002,1,21,1982
36476,福島県,郡山（コオリヤマ）,,2026,1,8,16,0,0.0,8,0.0,4,,,,,,65.0,8,1981,7,13,7.5,8,2009,1,31,1976
36501,福島県,川内（カワウチ）,,2026,1,8,16,0,0.0,8,0.0,4,,,,,,77.5,8,2015,7,16,16.0,8,2002,1,21,1976
36511,福島県,富岡（トミオカ）,,2026,1,8,16,0,0.0,8,0.0,4,,,,,,86.5,8,2025,11,1,28.0,8,2002,1,21,1976
36536,福島県,南郷（ナンゴウ）,,2026,1,8,16,0,0.0,8,1.5,4,14.0,19.0,4.0,,,99.5,8,2023,8,18,12.0,8,2017,1,13,1976
36562,福島県,湯本（ユモト）,,2026,1,8,16,0,0.5,8,1.0,4,15.0,46.0,4.0,,,72.0,8,2020,9,11,21.0,8,2002,1,21,1988
36571,福島県,長沼（ナガヌマ）,,2026,1,8,16,0,0.0,8,0.0,4,,,,,,64.0,8,1998,7,28,8.0,8,2024,1,21,1978
36581,福島県,玉川（タマカワ）,,2026,1,8,16,0,0.0,8,0.0,4,,,,,,63.0,8,2010,7,26,9.5,8,2016,1,18,2003
36591,福島県,小野新町（オノニイマチ）,,2026,1,8,16,0,0.0,8,0.0,4,,,,,,63.0,8,1987,9,10,10.0,8,2002,1,27,1976
36597,福島県,川前（カワマエ）,,2026,1,8,16,0,0.0,8,0.0,4,,,,,,55.5,8,2015,7,16,9.0,8,2020,1,29,2014
36611,福島県,広野（ヒロノ）,,2026,1,8,16,0,0.0,8,0.0,4,,,,,,67.5,8,2013,4,7,28.0,8,2002,1,21,1976
36641,福島県,田島（タジマ）,,2026,1,8,16,0,0.5,8,0.5,4,16.0,0.0,4.0,,,56.0,8,2022,8,8,16.5,8,2009,1,31,1976
36667,福島県,白河（シラカワ）,47597.0,2026,1,8,16,0,0.0,8,0.0,4,,,,,,94.5,8,2019,7,24,11.5,8,1970,1,31,1940
36676,福島県,石川（イシカワ）,,2026,1,8,16,0,0.0,8,0.0,4,,,,,,73.5,8,2013,7,27,18.0,8,2020,1,29,1976
36716,福島県,桧枝岐（ヒノエマタ）,,2026,1,8,16,0,1.5,8,1.5,4,16.0,0.0,4.0,,,45.0,8,2024,8,14,9.5,8,2020,1,29,1978
36726,福島県,舘岩（タテイワ）,,2026,1,8,16,0,0.5,8,1.5,4,10.0,23.0,4.0,,,44.0,8,1981,7,21,14.0,8,1995,1,14,1978
36781,福島県,平（タイラ）,,2026,1,8,16,0,0.0,8,0.0,4,,,,,,91.5,8,2013,4,7,39.0,8,2024,1,21,1976
36821,福島県,東白川（ヒガシシラカワ）,,2026,1,8,16,0,0.0,8,0.0,4,,,,,,78.0,8,2000,7,2,9.0,8,2002,1,27,1976
36836,福島県,山田（ヤマダ）,,2026,1,8,16,0,0.0,8,0.0,4,,,,,,81.0,8,2023,9,8,25.5,8,2020,1,29,2009
36846,福島県,小名浜（オナハマ）,47598.0,2026,1,8,16,0,0.0,8,0.0,4,,,,,,69.5,8,2007,8,22,37.5,8,2002,1,21,1937
40041,茨城県,花園（ハナゾノ）,,2026,1,8,16,0,0.0,8,0.0,4,,,,,,84.0,8,2023,9,8,32.0,8,2024,1,21,1976
40046,茨城県,北茨城（キタイバラキ）,,2026,1,8,16,0,0.0,8,0.0,4,,,,,,77.5,8,2023,9,8,25.0,8,2002,1,21,1976
40061,茨城県,大子（ダイゴ）,,2026,1,8,16,0,0.0,8,0.0,4,,,,,,82.0,8,2003,8,5,18.5,8,2020,1,29,1976
40066,茨城県,徳田（トクダ）,,2026,1,8,16,0,0.0,8,0.0,4,,,,,,62.0,8,2010,8,28,21.5,8,2020,1,29,1977
40076,茨城県,大能（オオノウ）,,2026,1,8,16,0,0.0,8,0.0,4,,,,,,69.0,8,2003,8,21,25.0,8,2020,1,29,1985
40091,茨城県,常陸大宮（ヒタチオオミヤ）,,2026,1,8,16,0,0.0,8,0.0,4,,,,,,104.0,8,1989,9,15,18.0,8,2020,1,29,1978
40126,茨城県,中野（ナカノ）,,2026,1,8,16,0,0.0,8,0.0,4,,,,,,59.0,8,1982,8,15,25.5,8,2020,1,29,1977
40136,茨城県,日立（ヒタチ）,,2026,1,8,16,0,0.0,8,0.0,4,,,,,,93.0,8,2023,9,8,29.0,8,2002,1,21,1976
40181,茨城県,門井（カドイ）,,2026,1,8,16,0,0.0,8,0.0,4,,,,,,97.5,8,2011,7,28,19.0,8,2020,1,29,1982
40191,茨城県,笠間（カサマ）,,2026,1,8,16,0,0.0,8,0.0,4,,,,,,81.5,8,2009,8,7,14.5,8,2020,1,29,1976
40201,茨城県,水戸（ミト）,47629.0,2026,1,8,16,0,0.0,8,0.0,4,,,,,,81.7,8,1947,9,15,23.0,8,2002,1,21,1906
40221,茨城県,古河（コガ）,,2026,1,8,16,0,0.0,8,0.0,4,,,,,,75.0,8,2003,8,5,14.0,8,2020,1,29,1976
40231,茨城県,下館（シモダテ）,,2026,1,8,16,0,0.0,8,0.0,4,,,,,,74.0,8,2009,8,7,19.0,8,2020,1,29,2001
40241,茨城県,柿岡（カキオカ）,,2026,1,8,16,0,0.0,8,0.0,4,,,,,,114.5,8,2011,8,11,19.0,8,2002,1,21,1976
40251,茨城県,美野里（ミノリ）,,2026,1,8,16,0,0.0,8,0.0,4,,,,,,73.0,8,2011,8,11,24.0,8,2002,1,21,1976
40281,茨城県,下妻（シモツマ）,,2026,1,8,16,0,0.0,8,0.0,4,,,,,,75.0,8,1977,7,3,14.5,8,2020,1,29,1976
40311,茨城県,鉾田（ホコタ）,,2026,1,8,16,0,0.0,8,0.0,4,,,,,,65.5,8,2023,9,8,38.0,8,2002,1,21,1978
40326,茨城県,坂東（バンドウ）,,2026,1,8,16,0,0.0,8,0.0,4,,,,,,83.0,8,2019,9,10,15.5,8,2020,1,29,1976
40336,茨城県,つくば（ツクバ）(館野（タテノ）),47646.0,2026,1,8,16,0,0.0,8,0.0,4,,,,,,72.0,8,2005,8,8,26.5,8,2020,1,29,1921
40341,茨城県,土浦（ツチウラ）,,2026,1,8,16,0,0.0,8,0.0,4,,,,,,65.5,8,2016,8,17,24.0,8,2002,1,21,1976
40391,茨城県,江戸崎（エドサキ）,,2026,1,8,16,0,0.0,8,0.0,4,,,,,,68.0,8,1994,9,1,17.0,8,2002,1,27,1976
40406,茨城県,鹿嶋（カシマ）,,2026,1,8,16,0,0.0,8,0.0,4,,,,,,87.0,8,1999,10,27,55.0,8,2006,1,14,1976
40426,茨城県,龍ケ崎（リュウガサキ）,,2026,1,8,16,0,0.0,8,0.0,4,,,,,,85.0,8,1976,9,2,20.0,8,2002,1,21,1976
41011,栃木県,那須高原（ナスコウゲン）,,2026,1,8,16,0,0.0,8,0.5,4,12.0,31.0,4.0,,,90.0,8,1998,8,27,19.0,8,2002,1,21,1976
41076,栃木県,五十里（イカリ）,,2026,1,8,16,0,0.0,8,0.0,4,,,,,,84.0,8,2001,7,18,16.0,8,2002,1,21,1976
41091,栃木県,黒磯（クロイソ）,,2026,1,8,16,0,0.0,8,0.0,4,,,,,,117.0,8,1977,9,3,11.0,8,2002,1,21,1976
41116,栃木県,土呂部（ドロブ）,,2026,1,8,16,0,0.0,8,0.0,4,,,,,,55.0,8,2024,9,11,13.0,8,2002,1,21,1977
41141,栃木県,大田原（オオタワラ）,,2026,1,8,16,0,0.0,8,0.0,4,,,,,,87.0,8,2013,7,27,9.0,8,2020,1,29,1976
41166,栃木県,奥日光（オクニッコウ）(日光（ニツコウ）),47690.0,2026,1,8,16,0,0.0,8,0.0,4,,,,,,79.5,8,1966,9,25,17.0,8,2002,1,21,1944
41172,栃木県,日光東町（ニッコウヒガシマチ）,,2026,1,8,16,0,0.0,8,0.0,4,,,,,,75.5,8,2023,9,5,8.0,8,2024,1,21,2022
41181,栃木県,塩谷（シオヤ）,,2026,1,8,16,0,0.0,8,0.0,4,,,,,,103.5,8,2024,8,25,15.0,8,2020,1,29,1978
41211,栃木県,足尾（アシオ）,,2026,1,8,16,0,0.0,8,0.0,4,,,,,,71.5,8,2018,8,10,19.0,8,2002,1,21,1976
41241,栃木県,高根沢（タカネザワ）,,2026,1,8,16,0,0.0,8,0.0,4,,,,,,101.5,8,2022,7,27,15.0,8,2002,1,27,1976
41247,栃木県,那須烏山（ナスカラスヤマ）,,2026,1,8,16,0,0.0,8,0.0,4,,,,,,67.5,8,2024,9,15,23.0,8,2020,1,29,2009
41271,栃木県,鹿沼（カヌマ）,,2026,1,8,16,0,0.0,8,0.0,4,,,,,,99.0,8,2013,7,27,13.0,8,2020,1,29,1976
41277,栃木県,宇都宮（ウツノミヤ）,47615.0,2026,1,8,16,0,0.0,8,0.0,4,,,,,,100.5,8,1957,8,7,13.5,8,2020,1,29,1930
41311,栃木県,葛生（クズウ）,,2026,1,8,16,0,0.0,8,0.0,4,,,,,,90.0,8,2001,8,10,13.0,8,2002,1,27,1976
41331,栃木県,真岡（モオカ）,,2026,1,8,16,0,0.0,8,0.0,4,,,,,,90.5,8,2016,8,23,12.0,8,2020,1,29,1976
41356,栃木県,足利（アシカガ）,,2026,1,8,16,0,0.0,8,0.0,4,,,,,,68.5,8,2024,7,22,16.0,8,2009,1,31,1976
41361,栃木県,佐野（サノ）,,2026,1,8,16,0,0.0,8,0.0,4,,,,,,86.5,8,2014,6,23,16.5,8,2020,1,29,1976
41371,栃木県,栃木（トチギ）,,2026,1,8,16,0,0.0,8,0.0,4,,,,,,71.0,8,1987,8,18,10.5,8,2020,1,29,1976
41376,栃木県,小山（オヤマ）,,2026,1,8,16,0,0.0,8,0.0,4,,,,,,87.0,8,2003,8,5,11.5,8,2020,1,29,1976
42046,群馬県,藤原（フジワラ）,,2026,1,8,16,0,1.0,8,1.5,4,15.0,30.0,4.0,,,52.0,8,1983,7,27,13.0,8,2002,1,21,1977
42091,群馬県,みなかみ（ミナカミ）,,2026,1,8,16,0,0.5,8,1.5,4,14.0,40.0,4.0,,,62.5,8,2015,7,30,13.0,8,2002,1,21,1976
42106,群馬県,片品（カタシナ）,,2026,1,8,16,0,0.0,8,0.0,4,,,,,,49.5,8,2011,8,7,10.0,8,2002,1,21,1977
42121,群馬県,草津（クサツ）,,2026,1,8,16,0,0.0,8,0.5,4,11.0,49.0,4.0,,,58.5,8,2025,7,7,8.0,8,2002,1,21,1976
42146,群馬県,沼田（ヌマタ）,,2026,1,8,16,0,0.0,8,0.0,4,,,,,,78.5,8,2025,9,10,10.0,8,2002,1,27,1976
42186,群馬県,中之条（ナカノジョウ）,,2026,1,8,16,0,0.0,8,0.0,4,,,,,,71.0,8,1978,7,22,13.0,8,2002,1,21,1976
42221,群馬県,田代（タシロ）,,2026,1,8,16,0,0.0,8,0.0,4,,,,,,53.5,8,2013,9,16,8.5,8,2020,1,8,1976
42241,群馬県,榛名山（ハルナサン）,,2026,1,8,16,0,0.0,8,0.0,4,,,,,,101.0,8,2001,8,28,12.0,8,2002,1,21,1976
42251,群馬県,前橋（マエバシ）,47624.0,2026,1,8,16,0,0.0,8,0.0,4,,,,,,114.5,8,1997,9,11,20.0,8,1970,1,31,1912
42261,群馬県,黒保根（クロホネ）,,2026,1,8,16,0,0.0,8,0.0,4,,,,,,69.0,8,1988,8,23,10.0,8,2002,1,21,1978
42266,群馬県,桐生（キリュウ）,,2026,1,8,16,0,0.0,8,0.0,4,,,,,,67.0,8,2003,8,8,13.0,8,2002,1,21,1976
42286,群馬県,上里見（カミサトミ）,,2026,1,8,16,0,0.0,8,0.0,4,,,,,,88.0,8,1987,7,15,10.0,8,2002,1,21,1976
42302,群馬県,伊勢崎（イセサキ）,,2026,1,8,16,0,0.0,8,0.0,4,,,,,,71.0,8,2001,8,10,13.0,8,2002,1,21,1998
42326,群馬県,西野牧（ニシノマキ）,,2026,1,8,16,0,0.0,8,0.0,4,,,,,,77.0,8,2014,6,9,8.0,8,2002,1,21,1976
42341,群馬県,藤岡（フジオカ）,,2026,1,8,16,0,0.0,8,0.0,4,,,,,,78.0,8,2024,9,9,14.0,8,2002,1,21,1976
42366,群馬県,館林（タテバヤシ）,,2026,1,8,16,0,0.0,8,0.0,4,,,,,,86.0,8,2025,7,10,16.0,8,2002,1,21,1976
42396,群馬県,神流（カンナ）,,2026,1,8,16,0,0.0,8,0.0,4,,,,,,77.0,8,2025,8,24,9.0,8,2020,1,29,1977
43051,埼玉県,寄居（ヨリイ）,,2026,1,8,16,0,0.0,8,0.0,4,,,,,,103.0,8,2005,8,12,13.0,8,2002,1,21,1976
43056,埼玉県,熊谷（クマガヤ）,47626.0,2026,1,8,16,0,0.0,8,0.0,4,,,,,,88.5,8,1943,9,3,27.5,8,1970,1,31,1915
43091,埼玉県,上吉田（カミヨシダ）,,2026,1,8,16,0,0.0,8,0.0,4,,,,,,68.0,8,2020,7,22,8.0,8,2016,1,18,1977
43121,埼玉県,鴻巣（コウノス）,,2026,1,8,16,0,0.0,8,0.0,4,,,,,,73.0,8,1995,8,6,17.0,8,2002,1,21,1976
43126,埼玉県,久喜（クキ）,,2026,1,8,16,0,0.0,8,0.0,4,,,,,,87.0,8,2020,9,4,22.5,8,2020,1,29,1976
43151,埼玉県,三峰（ミツミネ）,,2026,1,8,16,0,0.0,8,0.0,4,,,,,,91.0,8,1981,7,18,12.0,8,2002,1,21,1976
43156,埼玉県,秩父（チチブ）,47641.0,2026,1,8,16,0,0.0,8,0.0,4,,,,,,78.0,8,1947,9,15,13.5,8,1970,1,31,1926
43157,埼玉県,浦山（ウラヤマ）,,2026,1,8,16,0,0.0,8,0.0,4,,,,,,69.5,8,2020,9,5,14.0,8,2002,1,21,1977
43162,埼玉県,ときがわ（トキガワ）,,2026,1,8,16,0,0.0,8,0.0,4,,,,,,89.0,8,2025,7,10,16.0,8,2002,1,21,2000
43171,埼玉県,鳩山（ハトヤマ）,,2026,1,8,16,0,0.0,8,0.0,4,,,,,,111.0,8,2022,7,12,13.5,8,2009,1,31,1977
43231,埼玉県,飯能（ハンノウ）,,2026,1,8,16,0,0.0,8,0.0,4,,,,,,70.0,8,1988,8,31,15.0,8,2002,1,21,1976
43241,埼玉県,さいたま（サイタマ）,,2026,1,8,16,0,0.0,8,0.0,4,,,,,,59.5,8,2011,8,19,16.0,8,2002,1,21,1976
43256,埼玉県,越谷（コシガヤ）,,2026,1,8,16,0,0.0,8,0.0,4,,,,,,80.5,8,2020,8,12,16.0,8,2020,1,29,1976
43266,埼玉県,所沢（トコロザワ）,,2026,1,8,16,0,0.0,8,0.0,4,,,,,,88.5,8,2025,7,5,13.0,8,2002,1,21,1976
44046,東京都,小河内（オゴウチ）,,2026,1,8,16,0,0.0,8,0.0,4,,,,,,71.0,8,1991,8,20,16.0,8,2002,1,21,1976
44051,東京都,小沢（オザワ）,,2026,1,8,16,0,0.0,8,0.0,4,,,,,,70.0,8,1991,8,1,12.0,8,2002,1,21,1977
44056,東京都,青梅（オウメ）,,2026,1,8,16,0,0.0,8,0.0,4,,,,,,107.5,8,2016,8,22,15.0,8,2002,1,21,1976
44071,東京都,練馬（ネリマ）,,2026,1,8,16,0,0.0,8,0.0,4,,,,,,74.5,8,2018,8,27,12.0,8,2015,1,15,2012
44112,東京都,八王子（ハチオウジ）,,2026,1,8,16,0,0.0,8,0.0,4,,,,,,63.0,8,2008,8,29,22.0,8,2002,1,21,1976
44116,東京都,府中（フチュウ）,,2026,1,8,16,0,0.0,8,0.0,4,,,,,,59.0,8,2019,9,3,13.5,8,2009,1,31,1976
44126,東京都,世田谷（セタガヤ）,,2026,1,8,16,0,0.0,8,0.0,4,,,,,,92.0,8,2025,9,11,16.0,8,2009,1,31,1976
44132,東京都,東京（トウキョウ）,47662.0,2026,1,8,16,0,0.0,8,0.0,4,,,,,,88.7,8,1939,7,31,22.0,8,1906,1,11,1886
44136,東京都,江戸川臨海（エドガワリンカイ）,,2026,1,8,16,0,0.0,8,0.0,4,,,,,,85.0,8,2000,7,4,16.0,8,1989,1,20,1976
44166,東京都,羽田（ハネダ）,,2026,1,8,16,0,0.0,8,0.0,4,,,,,,88.5,8,2025,9,11,22.0,8,2002,1,21,1976
44172,東京都,大島（オオシマ）,47675.0,2026,1,8,16,0,0.0,8,0.0,4,,,,,,122.5,8,2013,10,16,56.7,8,1943,1,23,1938
44173,東京都,大島北ノ山（オオシマキタノヤマ）,,2026,1,8,16,0,0.0,8,0.0,4,,,,,,81.0,8,2022,8,13,40.0,8,2006,1,14,2003
44191,東京都,利島（トシマ）,,2026,1,8,16,0,0.0,8,0.0,4,,,,,,74.0,8,2015,7,3,25.5,8,2020,1,23,2014
44207,東京都,新島（ニイジマ）,,2026,1,8,16,0,0.0,8,0.0,4,,,,,,79.5,8,2021,7,1,33.5,8,2015,1,15,2003
44216,東京都,神津島（コウヅシマ）,,2026,1,8,16,0,0.0,8,0.0,4,,,,,,76.5,8,2022,8,13,34.5,8,2024,1,21,2003
44226,東京都,三宅島（ミヤケジマ）,47677.0,2026,1,8,16,0,0.0,8,0.0,4,,,,,,122.0,8,2023,9,8,56.4,8,1962,1,1,1942
44228,東京都,三宅坪田（ミヤケツボタ）,,2026,1,8,16,0,0.0,8,0.0,4,,,,,,123.5,8,2023,9,8,45.5,8,2012,1,21,2000
44262,東京都,八重見ヶ原（ヤエミガハラ）,,2026,1,8,16,0,0.0,8,0.0,4,,,,,,89.0,8,2003,9,22,22.5,8,2021,1,27,2003
44263,東京都,八丈島（ハチジョウジマ）,47678.0,2026,1,8,16,0,0.0,8,0.0,4,,,,,,129.5,8,1999,9,4,67.0,8,1998,1,1,1937
44281,東京都,青ヶ島（アオガシマ）,,2026,1,8,16,0,0.0,8,1.5,4,15.0,37.0,4.0,,,145.0,8,2022,10,14,25.5,8,2025,1,6,2014
44301,東京都,父島（チチジマ）,47971.0,2026,1,8,16,0,0.0,8,0.0,4,,,,,,79.0,8,2015,9,19,44.5,8,1979,1,31,1970
44316,東京都,母島（ハハジマ）,,2026,1,8,16,0,0.0,8,0.0,4,,,,,,126.0,8,2023,10,18,24.5,8,2012,1,25,2007
45061,千葉県,我孫子（アビコ）,,2026,1,8,16,0,0.0,8,0.0,4,,,,,,53.5,8,2016,7,20,28.5,8,2020,1,29,2010
45081,千葉県,香取（カトリ）,,2026,1,8,16,0,0.0,8,0.0,4,,,,,,153.0,8,1999,10,27,41.0,8,2006,1,14,1999
45086,千葉県,東庄（トウノショウ）,,2026,1,8,16,0,0.0,8,0.0,4,,,,,,71.5,8,2014,8,10,24.0,8,2006,1,14,1976
45106,千葉県,船橋（フナバシ）,,2026,1,8,16,0,0.0,8,0.0,4,,,,,,58.5,8,2013,10,16,21.0,8,2020,1,29,1999
45116,千葉県,佐倉（サクラ）,,2026,1,8,16,0,0.0,8,0.0,4,,,,,,68.5,8,2015,6,23,29.0,8,2006,1,14,1976
45121,千葉県,成田（ナリタ）,,2026,1,8,16,0,0.0,8,0.0,4,,,,,,72.0,8,2008,8,5,38.0,8,2006,1,14,1976
45148,千葉県,銚子（チョウシ）,47648.0,2026,1,8,16,0,0.0,8,0.0,4,,,,,,140.0,8,1947,8,28,59.5,8,2005,1,16,1912
45181,千葉県,横芝光（ヨコシバヒカリ）,,2026,1,8,16,0,0.0,8,0.0,4,,,,,,75.0,8,1999,10,27,39.0,8,2006,1,14,1976
45212,千葉県,千葉（チバ）,47682.0,2026,1,8,16,0,0.0,8,0.0,4,,,,,,71.0,8,1975,10,5,38.0,8,2002,1,21,1966
45261,千葉県,茂原（モバラ）,,2026,1,8,16,0,0.0,8,0.0,4,,,,,,78.0,8,2023,9,8,40.0,8,2002,1,21,1976
45282,千葉県,木更津（キサラヅ）,,2026,1,8,16,0,0.0,8,0.0,4,,,,,,56.5,8,2016,7,14,28.0,8,2009,1,31,2006
45291,千葉県,牛久（ウシク）,,2026,1,8,16,0,0.0,8,0.0,4,,,,,,85.5,8,2011,8,26,33.0,8,2006,1,14,1978
45326,千葉県,坂畑（サカハタ）,,2026,1,8,16,0,0.0,8,0.0,4,,,,,,74.0,8,2006,4,12,49.0,8,2006,1,14,1978
45331,千葉県,大多喜（オオタキ）,,2026,1,8,16,0,0.0,8,0.0,4,,,,,,109.5,8,2023,9,8,55.0,8,2002,1,21,1976
45346,千葉県,鋸南（キョナン）,,2026,1,8,16,0,0.0,8,0.0,4,,,,,,71.0,8,1989,8,1,42.0,8,2006,1,14,1976
45361,千葉県,鴨川（カモガワ）,,2026,1,8,16,0,0.0,8,0.0,4,,,,,,85.5,8,2019,10,25,42.0,8,2002,1,27,1976
45371,千葉県,勝浦（カツウラ）,47674.0,2026,1,8,16,0,0.0,8,0.0,4,,,,,,122.0,8,1971,9,8,47.0,8,2006,1,14,1940
45401,千葉県,館山（タテヤマ）,47672.0,2026,1,8,16,0,0.0,8,0.0,4,,,,,,74.5,8,1972,9,15,40.5,8,2002,1,27,1968
46001,神奈川県,相模湖（サガミコ）,,2026,1,8,16,0,0.0,8,0.0,4,,,,,,68.5,8,2019,10,12,33.0,8,2002,1,21,1976
46046,神奈川県,相模原中央（サガミハラチュウオウ）,,2026,1,8,16,0,0.0,8,0.0,4,,,,,,94.5,8,2011,8,26,21.0,8,2002,1,21,1976
46061,神奈川県,日吉（ヒヨシ）,,2026,1,8,16,0,0.0,8,0.0,4,,,,,,83.0,8,2025,7,10,23.0,8,2002,1,21,1976
46076,神奈川県,丹沢湖（タンザワコ）,,2026,1,8,16,0,0.0,8,0.0,4,,,,,,104.5,8,2021,8,15,23.0,8,2018,1,17,1976
46091,神奈川県,海老名（エビナ）,,2026,1,8,16,0,0.0,8,0.0,4,,,,,,102.0,8,2013,4,6,13.5,8,2009,1,31,1976
46106,神奈川県,横浜（ヨコハマ）,47670.0,2026,1,8,16,0,0.0,8,0.0,4,,,,,,92.0,8,1998,7,30,26.5,8,2002,1,21,1937
46136,神奈川県,平塚（ヒラツカ）,,2026,1,8,16,0,0.0,8,0.0,4,,,,,,72.0,8,2014,10,6,17.0,8,1989,1,20,1976
46141,神奈川県,辻堂（ツジドウ）,,2026,1,8,16,0,0.0,8,0.0,4,,,,,,75.0,8,2003,5,31,20.0,8,2002,1,21,1992
46161,神奈川県,箱根（ハコネ）,,2026,1,8,16,0,0.0,8,0.0,4,,,,,,96.0,8,2004,8,17,34.0,8,1989,1,20,1976
46166,神奈川県,小田原（オダワラ）,,2026,1,8,16,0,0.0,8,0.0,4,,,,,,77.5,8,2010,9,8,23.0,8,2009,1,31,1976
46211,神奈川県,三浦（ミウラ）,,2026,1,8,16,0,0.0,8,0.0,4,,,,,,87.0,8,2017,9,28,33.0,8,2006,1,14,1976
48031,長野県,野沢温泉（ノザワオンセン）,,2026,1,8,16,0,1.0,8,3.0,4,9.0,4.0,4.0,,,54.5,8,2014,8,2,11.0,8,2002,1,21,1976
48061,長野県,信濃町（シナノマチ）,,2026,1,8,16,0,0.5,8,1.0,4,9.0,58.0,4.0,,,49.0,8,1999,7,16,8.0,8,2002,1,21,1976
48066,長野県,飯山（イイヤマ）,,2026,1,8,16,0,1.0,8,2.0,4,8.0,55.0,4.0,,,61.5,8,2012,8,17,14.0,8,2010,1,1,1976
48097,長野県,小谷（オタリ）,,2026,1,8,16,0,1.0,8,3.5,4,9.0,44.0,4.0,,,48.0,8,1995,7,11,11.5,8,2017,1,21,1983
48141,長野県,白馬（ハクバ）,,2026,1,8,16,0,0.5,8,1.5,4,7.0,1.0,4.0,,,68.5,8,2022,8,6,10.0,8,2002,1,21,1976
48146,長野県,鬼無里（キナサ）,,2026,1,8,16,0,0.0,8,2.0,4,9.0,56.0,4.0,,,81.5,8,2017,8,11,15.0,8,1998,1,15,1977
48156,長野県,長野（ナガノ）,47610.0,2026,1,8,16,0,0.0,8,1.0,4,9.0,3.0,4.0,,,63.0,8,1933,8,13,10.5,8,1970,1,31,1903
48172,長野県,笠岳（カサダケ）,,2026,1,8,16,0,0.0,8,3.0,4,9.0,41.0,4.0,,,68.5,8,2016,8,18,8.0,8,2003,1,27,1979
48191,長野県,大町（オオマチ）,,2026,1,8,16,0,0.0,8,0.5,4,15.0,24.0,4.0,,,54.0,8,2016,8,1,11.0,8,2002,1,21,1976
48196,長野県,信州新町（シンシュウシンマチ）,,2026,1,8,16,0,0.0,8,1.0,4,10.0,37.0,4.0,,,57.0,8,2002,8,4,9.0,8,2006,1,14,1976
48216,長野県,菅平（スガダイラ）,,2026,1,8,16,0,0.0,8,4.5,4,10.0,1.0,4.0,,,85.0,8,1989,7,17,9.0,8,2005,1,1,1976
48247,長野県,聖高原（ヒジリコウゲン）,,2026,1,8,16,0,1.0,8,3.0,4,10.0,53.0,4.0,,,72.5,8,2024,8,24,10.0,8,2002,1,21,1979
48256,長野県,上田（ウエダ）,,2026,1,8,16,0,0.0,8,0.0,4,,,,,,57.0,8,2010,8,2,7.0,8,2002,1,21,1976
48296,長野県,穂高（ホタカ）,,2026,1,8,16,0,0.0,8,0.0,4,,,,,,61.5,8,2023,8,19,11.0,8,2002,1,21,1976
48321,長野県,東御（トウミ）,,2026,1,8,16,0,0.0,8,0.0,4,,,,,,70.0,8,2003,9,11,9.0,8,2002,1,21,1976
48331,長野県,軽井沢（カルイザワ）,47622.0,2026,1,8,16,0,0.0,8,0.0,4,,,,,,69.4,8,1960,8,2,10.5,8,2002,1,21,1931
48346,長野県,上高地（カミコウチ）,,2026,1,8,16,0,0.0,8,1.5,4,4.0,4.0,4.0,,,56.0,8,1979,8,22,12.0,8,2002,1,21,1976
48361,長野県,松本（マツモト）,47618.0,2026,1,8,16,0,0.0,8,2.0,4,11.0,31.0,4.0,,,59.0,8,1981,7,18,12.0,8,2002,1,21,1936
48363,長野県,松本今井（マツモトイマイ）,,2026,1,8,16,0,0.0,8,0.0,4,,,,,,90.0,8,2024,8,14,7.0,8,2003,1,27,2003
48371,長野県,鹿教湯（カケユ）,,2026,1,8,16,0,0.0,8,0.0,4,,,,,,68.5,8,2023,8,1,14.0,8,2005,1,16,1976
48381,長野県,立科（タテシナ）,,2026,1,8,16,0,0.0,8,0.5,4,11.0,37.0,4.0,,,62.0,8,2010,8,25,9.0,8,2002,1,21,1978
48386,長野県,佐久（サク）,,2026,1,8,16,0,0.0,8,0.5,4,11.0,30.0,4.0,,,57.0,8,1978,7,7,8.0,8,1989,1,20,1976
48436,長野県,白樺湖（シラカバコ）,,2026,1,8,16,0,0.0,8,0.0,4,,,,,,73.5,8,2018,8,10,7.5,8,2020,1,8,2004
48466,長野県,奈川（ナガワ）,,2026,1,8,16,0,0.0,8,1.0,4,10.0,37.0,4.0,,,45.0,8,2023,8,19,11.0,8,2002,1,21,1978
48491,長野県,諏訪（スワ）,47620.0,2026,1,8,16,0,0.0,8,0.0,4,,,,,,74.5,8,2013,8,15,11.5,8,1989,1,20,1947
48516,長野県,北相木（キタアイキ）,,2026,1,8,16,0,0.0,8,0.0,4,,,,,,58.0,8,2024,8,14,5.5,8,2015,1,15,2004
48531,長野県,開田高原（カイダコウゲン）,,2026,1,8,16,0,0.0,8,1.0,4,11.0,4.0,4.0,,,46.5,8,2018,6,28,13.0,8,2002,1,21,1978
48536,長野県,木祖薮原（キソヤブハラ）,,2026,1,8,16,0,0.0,8,1.0,4,10.0,44.0,4.0,,,51.5,8,2023,8,19,7.5,8,2020,1,8,2019
48546,長野県,辰野（タツノ）,,2026,1,8,16,0,0.0,8,0.0,4,,,,,,70.5,8,2012,8,6,14.0,8,2002,1,21,1978
48556,長野県,高遠（タカトオ）,,2026,1,8,16,0,0.0,8,0.0,4,,,,,,53.5,8,2019,7,31,7.5,8,2020,1,8,2004
48561,長野県,原村（ハラムラ）,,2026,1,8,16,0,0.0,8,0.0,4,,,,,,51.0,8,2012,7,20,9.0,8,2002,1,21,1976
48571,長野県,野辺山（ノベヤマ）,,2026,1,8,16,0,0.0,8,0.0,4,,,,,,76.0,8,1987,8,19,10.0,8,2002,1,21,1976
48601,長野県,御嶽山（オンタケサン）,,2026,1,8,16,0,0.0,8,1.0,4,12.0,22.0,4.0,,,54.5,8,2018,8,16,13.0,8,2003,1,27,1976
48606,長野県,木曽福島（キソフクシマ）,,2026,1,8,16,0,0.0,8,0.5,4,12.0,8.0,4.0,,,56.0,8,1978,7,21,13.0,8,2002,1,21,1976
48621,長野県,伊那（イナ）,,2026,1,8,16,0,0.0,8,0.0,4,,,,,,54.0,8,2000,8,17,10.0,8,2003,1,27,1993
48681,長野県,宮田高原（ミヤダコウゲン）,,2026,1,8,16,0,0.0,8,0.5,4,15.0,37.0,4.0,,,58.0,8,1988,6,26,12.0,8,1996,1,16,1976
48691,長野県,杉島（スギシマ）,,2026,1,8,16,0,0.0,8,0.0,4,,,,,,52.0,8,1993,9,2,11.0,8,1995,1,4,1983
48716,長野県,須原（スハラ）,,2026,1,8,16,0,0.0,8,0.5,4,7.0,16.0,4.0,,,56.0,8,2014,6,8,12.0,8,2001,1,10,1976
48717,長野県,南木曽（ナギソ）,,2026,1,8,16,0,0.0,8,1.0,4,7.0,8.0,4.0,,,89.0,8,2004,9,4,12.5,8,2010,1,28,1976
48731,長野県,飯島（イイジマ）,,2026,1,8,16,0,0.0,8,0.0,4,,,,,,51.0,8,1998,9,21,14.0,8,2001,1,27,1976
48737,長野県,大鹿（オオシカ）,,2026,1,8,16,0,0.0,8,0.0,4,,,,,,47.0,8,2025,8,24,12.0,8,1987,1,24,1983
48767,長野県,飯田（イイダ）,47637.0,2026,1,8,16,0,0.0,8,0.0,4,,,,,,79.7,8,1960,8,5,12.0,8,2002,1,21,1929
48826,長野県,浪合（ナミアイ）,,2026,1,8,16,0,0.0,8,0.5,4,10.0,50.0,4.0,,,73.5,8,2013,9,16,17.0,8,2002,1,21,1978
48836,長野県,阿南（アナン）,,2026,1,8,16,0,0.0,8,0.0,4,,,,,,57.0,8,2020,7,25,15.0,8,2002,1,21,1978
48841,長野県,南信濃（ミナミシナノ）,,2026,1,8,16,0,0.0,8,0.0,4,,,,,,81.0,8,2007,7,30,12.0,8,2003,1,27,1978
49036,山梨県,大泉（オオイズミ）,,2026,1,8,16,0,0.0,8,0.0,4,,,,,,63.5,8,2022,7,28,8.5,8,2016,1,18,1976
49052,山梨県,乙女湖（オトメコ）,,2026,1,8,16,0,0.0,8,0.0,4,,,,,,53.0,8,2011,8,9,10.0,8,2009,1,31,2008
49086,山梨県,韮崎（ニラサキ）,,2026,1,8,16,0,0.0,8,0.0,4,,,,,,69.5,8,2024,8,7,10.0,8,2006,1,14,1976
49142,山梨県,甲府（コウフ）,47638.0,2026,1,8,16,0,0.0,8,0.0,4,,,,,,78.0,8,2004,8,7,16.4,8,1949,1,1,1937
49151,山梨県,勝沼（カツヌマ）,,2026,1,8,16,0,0.0,8,0.0,4,,,,,,65.0,8,2023,9,15,9.0,8,2025,1,6,1976
49161,山梨県,大月（オオツキ）,,2026,1,8,16,0,0.0,8,0.0,4,,,,,,99.0,8,2017,8,7,16.0,8,2002,1,21,1976
49172,山梨県,上野原（ウエノハラ）,,2026,1,8,16,0,0.0,8,0.0,4,,,,,,61.0,8,2020,9,6,9.5,8,2020,1,8,2015
49187,山梨県,富士川（フジカワ）,,2026,1,8,16,0,0.0,8,0.0,4,,,,,,49.5,8,2022,7,28,12.5,8,2015,1,15,2013
49196,山梨県,古関（フルセキ）,,2026,1,8,16,0,0.0,8,0.0,4,,,,,,65.0,8,1998,8,27,14.0,8,2002,1,21,1976
49236,山梨県,切石（キリイシ）,,2026,1,8,16,0,0.0,8,0.0,4,,,,,,69.0,8,1990,9,20,19.0,8,2002,1,21,1977
49251,山梨県,河口湖（カワグチコ）,47640.0,2026,1,8,16,0,0.0,8,0.0,4,,,,,,82.8,8,1966,9,25,19.0,8,2002,1,21,1937
49256,山梨県,山中（ヤマナカ）,,2026,1,8,16,0,0.0,8,0.0,4,,,,,,69.0,8,2011,9,1,26.0,8,2002,1,21,1976
49316,山梨県,南部（ナンブ）,,2026,1,8,16,0,0.0,8,0.0,4,,,,,,78.0,8,1991,9,19,32.0,8,2002,1,21,1976
50056,静岡県,白糸（シライト）,,2026,1,8,16,0,0.0,8,0.0,4,,,,,,69.5,8,2011,9,21,30.0,8,2002,1,21,1976
50106,静岡県,井川（イカワ）,,2026,1,8,16,0,0.0,8,0.0,4,,,,,,99.0,8,1998,8,27,23.0,8,2002,1,21,1978
50112,静岡県,有東木（ウトウギ）,,2026,1,8,16,0,0.0,8,0.0,4,,,,,,74.0,8,2024,11,2,8.5,8,2024,1,21,2020
50136,静岡県,御殿場（ゴテンバ）,,2026,1,8,16,0,0.0,8,0.0,4,,,,,,81.0,8,1999,11,1,36.0,8,2018,1,17,1976
50196,静岡県,富士（フジ）,,2026,1,8,16,0,0.0,8,0.0,4,,,,,,112.5,8,2008,7,4,48.0,8,2003,1,27,1976
50206,静岡県,三島（ミシマ）,47657.0,2026,1,8,16,0,0.0,8,0.0,4,,,,,,81.5,8,1989,7,29,42.5,8,1989,1,20,1930
50226,静岡県,佐久間（サクマ）,,2026,1,8,16,0,0.0,8,0.0,4,,,,,,74.0,8,1991,9,19,21.0,8,2002,1,21,1976
50232,静岡県,春野（ハルノ）,,2026,1,8,16,0,0.0,8,0.0,4,,,,,,88.0,8,2022,9,23,19.5,8,2018,1,17,2016
50241,静岡県,川根本町（カワネホンチョウ）,,2026,1,8,16,0,0.0,8,0.0,4,,,,,,99.5,8,2022,9,24,26.0,8,2003,1,27,1976
50247,静岡県,鍵穴（カギアナ）,,2026,1,8,16,0,0.0,8,0.0,4,,,,,,94.0,8,2022,9,24,34.0,8,2002,1,21,1991
50261,静岡県,清水（シミズ）,,2026,1,8,16,0,0.0,8,0.0,4,,,,,,102.0,8,2004,9,4,23.0,8,2003,1,27,1978
50281,静岡県,網代（アジロ）,47668.0,2026,1,8,16,0,0.0,8,0.0,4,,,,,,96.5,8,2025,9,5,35.0,8,1970,1,31,1937
50296,静岡県,熊（クマ）,,2026,1,8,16,0,0.0,8,0.0,4,,,,,,92.0,8,1978,9,30,26.5,8,2018,1,17,1976
50317,静岡県,高根山（タカネサン）,,2026,1,8,16,0,0.0,8,0.0,4,,,,,,93.5,8,2022,9,24,24.0,8,2018,1,17,2009
50331,静岡県,静岡（シズオカ）,47656.0,2026,1,8,16,0,0.0,8,0.0,4,,,,,,113.0,8,2003,7,4,34.0,8,1973,1,25,1940
50371,静岡県,三ヶ日（ミッカビ）,,2026,1,8,16,0,0.0,8,0.0,4,,,,,,93.0,8,1998,8,27,22.5,8,2018,1,17,1976
50386,静岡県,天竜（テンリュウ）,,2026,1,8,16,0,0.0,8,0.0,4,,,,,,112.0,8,2025,8,16,29.0,8,2018,1,17,1976
50391,静岡県,三倉（ミクラ）,,2026,1,8,16,0,0.0,8,0.0,4,,,,,,91.0,8,1988,9,11,26.0,8,1994,1,17,1982
50416,静岡県,土肥（トイ）,,2026,1,8,16,0,0.0,8,0.0,4,,,,,,129.0,8,2003,7,4,39.0,8,2021,1,27,1990
50426,静岡県,湯ケ島（ユガシマ）,,2026,1,8,16,0,0.0,8,0.0,4,,,,,,83.0,8,2003,7,4,26.0,8,2002,1,21,1976
50427,静岡県,天城山（アマギサン）,,2026,1,8,16,0,0.0,8,0.0,4,,,,,,109.0,8,2019,9,9,34.0,4,1998,1,15,1976
50456,静岡県,浜松（ハママツ）,47654.0,2026,1,8,16,0,0.0,8,0.0,4,,,,,,87.5,8,1982,11,30,25.5,8,1989,1,20,1933
50466,静岡県,掛川（カケガワ）,,2026,1,8,16,0,0.0,8,0.0,4,,,,,,94.0,8,2025,9,5,24.0,8,2021,1,27,1976
50476,静岡県,菊川牧之原（キクガワマキノハラ）,,2026,1,8,16,0,0.0,8,0.0,4,,,,,,127.0,8,2025,9,5,24.0,8,2003,1,27,1978
50477,静岡県,静岡空港（シズオカクウコウ）,,2026,1,8,16,0,0.0,8,0.0,4,,,,,,113.0,8,2025,9,5,19.0,8,2015,1,6,2009
50491,静岡県,松崎（マツザキ）,,2026,1,8,16,0,0.0,8,0.0,4,,,,,,87.0,8,1992,7,14,22.0,8,1995,1,4,1976
50506,静岡県,稲取（イナトリ）,,2026,1,8,16,0,0.0,8,0.0,4,,,,,,88.0,8,2004,9,4,31.0,8,1979,1,18,1976
50536,静岡県,磐田（イワタ）,,2026,1,8,16,0,0.0,8,0.0,4,,,,,,95.5,8,2022,9,2,23.0,8,2021,1,27,1978
50551,静岡県,御前崎（オマエザキ）,47655.0,2026,1,8,16,0,0.0,8,0.0,4,,,,,,89.0,8,2004,10,9,35.0,8,2009,1,31,1932
50561,静岡県,石廊崎（イロウザキ）,47666.0,2026,1,8,16,0,0.0,8,0.0,4,,,,,,109.5,8,1970,9,29,45.0,8,2006,1,14,1939
51011,愛知県,一宮（イチノミヤ）,,2026,1,8,16,0,0.0,8,0.0,4,,,,,,120.0,8,2008,8,28,13.0,8,2006,1,14,1976
51031,愛知県,愛西（アイサイ）,,2026,1,8,16,0,0.0,8,0.0,4,,,,,,75.0,8,1988,9,20,17.0,8,2002,1,21,1979
51056,愛知県,小原（オバラ）,,2026,1,8,16,0,0.0,8,0.0,4,,,,,,96.0,8,2013,9,16,22.0,8,2002,1,21,1977
51071,愛知県,稲武（イナブ）,,2026,1,8,16,0,0.0,8,0.5,4,11.0,26.0,4.0,,,70.0,8,2000,9,12,23.0,8,2002,1,21,1976
51077,愛知県,茶臼山（チャウスヤマ）,,2026,1,8,16,0,0.0,8,1.5,4,11.0,37.0,4.0,,,73.5,8,2018,9,4,14.0,8,2020,1,8,2006
51096,愛知県,蟹江（カニエ）,,2026,1,8,16,0,0.0,8,0.0,4,,,,,,78.0,8,2000,9,11,15.0,8,2002,1,21,1976
51106,愛知県,名古屋（ナゴヤ）,47636.0,2026,1,8,16,0,0.0,8,0.0,4,,,,,,97.0,8,2000,9,11,17.5,8,2002,1,21,1890
51116,愛知県,豊田（トヨタ）,,2026,1,8,16,0,0.0,8,0.0,4,,,,,,63.5,8,2017,8,11,16.0,8,2002,1,21,1976
51192,愛知県,阿蔵（アゾウ）,,2026,1,8,16,0,0.0,8,0.5,4,10.0,39.0,4.0,,,65.5,8,2012,6,19,12.5,8,2009,1,31,2006
51216,愛知県,大府（オオブ）,,2026,1,8,16,0,0.0,8,0.0,4,,,,,,55.0,8,2013,8,6,12.0,8,2015,1,15,2012
51226,愛知県,岡崎（オカザキ）,,2026,1,8,16,0,0.0,8,0.0,4,,,,,,146.5,8,2008,8,29,26.0,8,2002,1,21,1976
51241,愛知県,作手（ツクデ）,,2026,1,8,16,0,0.0,8,0.0,4,,,,,,66.5,8,2023,6,2,31.0,8,2003,1,27,1976
51247,愛知県,新城（シンシロ）,,2026,1,8,16,0,0.0,8,0.0,4,,,,,,79.5,8,2021,6,17,16.5,8,2018,1,17,2002
51261,愛知県,セントレア（セントレア）,,2026,1,8,16,0,0.0,8,0.0,4,,,,,,50.0,8,2022,7,10,18.0,8,2009,1,31,2005
51271,愛知県,一色（イッシキ）,,2026,1,8,16,0,0.0,8,0.0,4,,,,,,69.0,8,2012,9,11,19.0,8,2003,1,27,1976
51281,愛知県,蒲郡（ガマゴオリ）,,2026,1,8,16,0,0.0,8,0.0,4,,,,,,71.5,8,2008,8,29,25.0,8,2003,1,27,1979
51311,愛知県,南知多（ミナミチタ）,,2026,1,8,16,0,0.0,8,0.0,4,,,,,,90.0,8,1976,9,12,33.0,8,2002,1,21,1976
51331,愛知県,豊橋（トヨハシ）,,2026,1,8,16,0,0.0,8,0.0,4,,,,,,76.0,8,2008,8,28,17.0,8,2018,1,17,2005
51346,愛知県,伊良湖（イラコ）,47653.0,2026,1,8,16,0,0.0,8,0.0,4,,,,,,81.8,8,1962,7,2,30.5,8,2001,1,8,1948
51356,愛知県,田原（タハラ）,,2026,1,8,16,0,0.0,8,0.0,4,,,,,,80.0,8,1997,10,6,38.0,8,2001,1,8,1976
52041,岐阜県,河合（カワイ）,,2026,1,8,16,0,1.0,8,2.5,4,9.0,20.0,4.0,,,51.0,8,1983,8,9,10.0,8,2002,1,21,1978
52051,岐阜県,神岡（カミオカ）,,2026,1,8,16,0,0.5,8,1.5,4,9.0,53.0,4.0,,,57.0,8,1998,9,22,12.0,8,2002,1,21,1978
52081,岐阜県,白川（シラカワ）,,2026,1,8,16,0,0.0,8,4.0,4,8.0,28.0,4.0,,,58.0,8,2013,8,23,15.0,8,2002,1,21,1978
52111,岐阜県,栃尾（トチオ）,,2026,1,8,16,0,0.0,8,0.5,4,10.0,8.0,4.0,,,71.0,8,2006,8,17,10.0,8,2006,1,14,1976
52131,岐阜県,御母衣（ミボロ）,,2026,1,8,16,0,0.0,8,2.0,4,8.0,17.0,4.0,,,52.0,8,1987,7,17,17.0,8,2020,1,8,1982
52137,岐阜県,清見（キヨミ）,,2026,1,8,16,0,0.0,8,1.5,4,8.0,53.0,4.0,,,54.5,8,2024,8,13,14.0,8,1997,1,2,1990
52146,岐阜県,高山（タカヤマ）,47617.0,2026,1,8,16,0,0.0,8,0.5,4,13.0,52.0,4.0,,,62.0,8,2018,7,4,10.0,8,2002,1,21,1914
52152,岐阜県,丹生川（ニュウカワ）,,2026,1,8,16,0,0.0,8,1.0,4,9.0,55.0,4.0,,,58.0,8,2010,7,1,11.0,8,2002,1,21,1990
52173,岐阜県,ひるがの（ヒルガノ）,,2026,1,8,16,0,0.0,8,3.5,4,3.0,9.0,4.0,,,90.0,8,1999,9,15,23.0,8,2000,1,7,1990
52181,岐阜県,六厩（ムマヤ）,,2026,1,8,16,0,0.0,8,1.0,4,3.0,27.0,4.0,,,73.0,8,2008,8,28,23.5,8,2009,1,31,1978
52192,岐阜県,船山（フナヤマ）,,2026,1,8,16,0,0.0,8,1.5,4,10.0,12.0,4.0,,,60.0,8,2004,10,20,11.0,8,2020,1,8,2002
52196,岐阜県,宮之前（ミヤノマエ）,,2026,1,8,16,0,0.5,8,2.0,4,11.0,57.0,4.0,,,65.5,8,2020,7,8,15.5,8,2009,1,31,1978
52221,岐阜県,長滝（ナガタキ）,,2026,1,8,16,0,0.0,8,3.0,4,4.0,13.0,4.0,,,73.0,8,1999,9,15,15.0,8,1991,1,6,1978
52286,岐阜県,萩原（ハギワラ）,,2026,1,8,16,0,0.0,8,0.5,4,3.0,58.0,4.0,,,72.0,8,2019,9,3,12.0,8,2020,1,8,1976
52321,岐阜県,関市板取（セキシイタドリ）,,2026,1,8,16,0,0.0,8,1.0,4,5.0,56.0,4.0,,,74.0,8,2022,7,28,12.0,8,2024,1,21,2006
52331,岐阜県,八幡（ハチマン）,,2026,1,8,16,0,0.0,8,1.0,4,5.0,9.0,4.0,,,95.0,8,1987,8,8,12.0,8,2002,1,21,1976
52346,岐阜県,宮地（ミヤジ）,,2026,1,8,16,0,0.0,8,0.5,4,6.0,13.0,4.0,,,88.0,8,2008,7,3,12.0,8,1989,1,20,1976
52381,岐阜県,樽見（タルミ）,,2026,1,8,16,0,0.0,8,2.5,4,5.0,37.0,4.0,,,98.0,8,1986,8,22,15.0,8,2002,1,21,1976
52406,岐阜県,金山（カナヤマ）,,2026,1,8,16,0,0.0,8,0.0,4,,,,,,108.0,8,2018,7,8,12.0,8,2020,1,8,1976
52421,岐阜県,付知（ツケチ）,,2026,1,8,16,0,0.0,8,0.0,4,,,,,,72.0,8,2013,9,23,12.0,8,2020,1,8,1982
52461,岐阜県,美濃（ミノ）,,2026,1,8,16,0,0.0,8,0.0,4,,,,,,94.0,8,2020,8,11,11.0,8,2006,1,14,1976
52476,岐阜県,伽藍（ガラン）,,2026,1,8,16,0,0.0,8,0.0,4,,,,,,99.0,8,2007,9,23,15.0,8,2002,1,21,1976
52482,岐阜県,黒川（クロカワ）,,2026,1,8,16,0,0.0,8,0.5,4,14.0,13.0,4.0,,,70.5,8,2025,9,12,14.0,8,2020,1,8,1998
52511,岐阜県,揖斐川（イビガワ）,,2026,1,8,16,0,0.0,8,2.0,4,6.0,53.0,4.0,,,96.0,8,2002,7,10,16.0,8,2002,1,21,1978
52536,岐阜県,美濃加茂（ミノカモ）,,2026,1,8,16,0,0.0,8,0.0,4,,,,,,89.5,8,2017,7,14,13.0,8,2006,1,14,1976
52556,岐阜県,恵那（エナ）,,2026,1,8,16,0,0.0,8,0.0,4,,,,,,77.0,8,2005,8,5,17.0,8,2002,1,21,1976
52557,岐阜県,中津川（ナカツガワ）,,2026,1,8,16,0,0.0,8,0.0,4,,,,,,60.0,4,2021,7,19,8.5,8,2020,1,8,2010
52571,岐阜県,関ケ原（セキガハラ）,,2026,1,8,16,0,0.0,8,2.0,4,8.0,6.0,4.0,,,91.0,8,2002,7,9,14.0,8,2009,1,31,1976
52581,岐阜県,大垣（オオガキ）,,2026,1,8,16,0,0.0,8,0.0,4,,,,,,108.5,8,2013,9,4,18.0,8,2002,1,21,1976
52586,岐阜県,岐阜（ギフ）,47632.0,2026,1,8,16,0,0.0,8,0.0,4,,,,,,99.6,8,1914,7,24,17.8,8,1950,1,31,1903
52606,岐阜県,多治見（タジミ）,,2026,1,8,16,0,0.0,8,0.0,4,,,,,,83.5,8,2010,7,15,21.0,8,2002,1,21,1976
52642,岐阜県,上石津（カミイシヅ）,,2026,1,8,16,0,0.0,8,1.5,4,12.0,6.0,4.0,,,68.0,8,2025,6,25,8.5,8,2024,1,21,2016
53016,三重県,北勢（ホクセイ）,,2026,1,8,16,0,0.0,8,0.0,4,,,,,,84.0,8,1976,9,11,20.0,8,2002,1,21,1976
53041,三重県,桑名（クワナ）,,2026,1,8,16,0,0.0,8,0.0,4,,,,,,90.0,8,2022,9,3,13.0,8,2003,1,27,1976
53061,三重県,四日市（ヨッカイチ）,47684.0,2026,1,8,16,0,0.0,8,0.0,4,,,,,,123.5,8,2025,9,12,21.0,8,1998,1,18,1966
53091,三重県,亀山（カメヤマ）,,2026,1,8,16,0,0.0,8,0.0,4,,,,,,89.0,8,2004,9,24,24.0,8,2002,1,21,1976
53112,三重県,上野（ウエノ）,47649.0,2026,1,8,16,0,0.0,8,0.0,4,,,,,,81.2,8,1953,8,14,10.9,8,1959,1,29,1937
53121,三重県,笠取山（カサトリヤマ）,,2026,1,8,16,0,0.0,8,0.0,4,,,,,,86.5,8,2021,7,12,12.0,8,2009,1,30,1976
53133,三重県,津（ツ）,47651.0,2026,1,8,16,0,0.0,8,0.0,4,,,,,,118.0,8,1999,9,4,26.0,8,1970,1,30,1916
53141,三重県,名張（ナバリ）,,2026,1,8,16,0,0.0,8,0.0,4,,,,,,68.0,8,2018,7,29,10.0,8,2015,1,15,1976
53151,三重県,白山（ハクサン）,,2026,1,8,16,0,0.0,8,0.0,4,,,,,,89.0,8,1993,9,9,32.0,8,2009,1,30,1979
53196,三重県,小俣（オバタ）,,2026,1,8,16,0,0.0,8,0.0,4,,,,,,97.0,8,1999,6,29,55.5,8,2009,1,31,1976
53231,三重県,粥見（カユミ）,,2026,1,8,16,0,0.0,8,0.0,4,,,,,,99.0,8,2015,8,25,35.5,8,2009,1,30,1976
53257,三重県,鳥羽（トバ）,,2026,1,8,16,0,0.0,8,0.0,4,,,,,,103.0,8,1982,8,3,51.0,8,2009,1,31,1977
53287,三重県,藤坂峠（フジサカトウゲ）,,2026,1,8,16,0,0.0,8,0.0,4,,,,,,127.0,8,1997,9,6,37.0,8,2003,1,27,1976
53296,三重県,南伊勢（ミナミイセ）,,2026,1,8,16,0,0.0,8,0.0,4,,,,,,91.0,8,2018,7,29,74.0,8,2009,1,31,1978
53307,三重県,阿児（アゴ）,,2026,1,8,16,0,0.0,8,0.0,4,,,,,,99.0,8,2019,10,19,30.5,8,2009,1,31,1982
53321,三重県,宮川（ミヤガワ）,,2026,1,8,16,0,0.0,8,0.0,4,,,,,,139.0,4,2004,9,29,34.0,8,2002,1,21,1978
53326,三重県,紀伊長島（キイナガシマ）,,2026,1,8,16,0,0.0,8,0.0,4,,,,,,96.0,8,2021,9,26,43.5,8,2009,1,30,1979
53378,三重県,尾鷲（オワセ）,47663.0,2026,1,8,16,0,0.0,8,0.0,4,,,,,,139.0,8,1972,9,14,52.0,8,1970,1,30,1938
53401,三重県,熊野新鹿（クマノアタシカ）,,2026,1,8,16,0,0.0,8,0.0,4,,,,,,101.5,8,2011,9,4,58.0,8,2002,1,21,2001
53416,三重県,御浜（ミハマ）,,2026,1,8,16,0,0.0,8,0.0,4,,,,,,110.0,8,2002,9,27,38.0,8,2002,1,21,1985
54012,新潟県,粟島（アワシマ）,,2026,1,8,16,0,0.0,8,1.5,4,1.0,41.0,4.0,,,79.0,8,2022,8,3,11.0,8,2024,1,14,1976
54041,新潟県,弾崎（ハジキザキ）,,2026,1,8,16,0,0.0,8,1.5,4,0.0,33.0,4.0,,,64.0,8,2014,7,9,13.5,8,2010,1,21,1978
54056,新潟県,高根（タカネ）,,2026,1,8,16,0,0.0,8,6.5,4,1.0,6.0,4.0,,,75.5,8,2025,9,17,13.0,8,1980,1,6,1978
54086,新潟県,村上（ムラカミ）,,2026,1,8,16,0,0.0,8,2.0,4,8.0,15.0,4.0,,,63.0,8,2004,7,17,13.0,8,2007,1,8,1976
54097,新潟県,三面（ミオモテ）,,2026,1,8,16,0,0.0,8,5.0,4,2.0,28.0,4.0,,,94.5,8,2022,8,3,10.0,8,2010,1,6,1981
54157,新潟県,相川（アイカワ）,47602.0,2026,1,8,16,0,0.5,8,2.0,4,6.0,0.0,4.0,,,79.8,8,1961,8,4,14.4,8,1936,1,25,1925
54166,新潟県,両津（リョウツ）,,2026,1,8,16,0,1.5,8,2.5,4,7.0,38.0,4.0,,,51.0,8,1998,8,4,11.0,8,2006,1,10,1976
54181,新潟県,中条（ナカジョウ）,,2026,1,8,16,0,0.0,8,5.0,4,0.0,25.0,4.0,,,92.0,8,2022,8,4,13.0,8,2008,1,5,1978
54191,新潟県,下関（シモセキ）,,2026,1,8,16,0,0.0,8,6.5,4,3.0,31.0,4.0,,,149.0,8,2022,8,4,13.0,8,1996,1,3,1976
54232,新潟県,新潟（ニイガタ）,47604.0,2026,1,8,16,0,0.0,8,6.5,4,0.0,26.0,4.0,,,97.0,8,1998,8,4,18.0,8,2002,1,11,1914
54236,新潟県,松浜（マツハマ）,,2026,1,8,16,0,0.0,8,8.0,4,0.0,3.0,4.0,,,63.5,8,2025,9,8,18.0,8,2008,1,5,2003
54271,新潟県,羽茂（ハモチ）,,2026,1,8,16,0,0.0,8,2.0,4,1.0,5.0,4.0,,,74.0,8,1979,7,28,13.0,8,2016,1,3,1976
54296,新潟県,新津（ニイツ）,,2026,1,8,16,0,0.0,8,4.5,4,3.0,3.0,4.0,,,44.0,8,1998,8,4,12.0,8,2021,1,18,1976
54301,新潟県,瓢湖（ヒョウコ）,,2026,1,8,16,0,0.0,8,5.0,4,2.0,41.0,4.0,,,42.0,8,2024,7,25,8.5,8,2024,1,8,2014
54311,新潟県,赤谷（アカダニ）,,2026,1,8,16,0,0.5,8,5.5,4,2.0,32.0,4.0,,,78.0,8,2005,8,8,19.0,8,1977,1,7,1976
54341,新潟県,巻（マキ）,,2026,1,8,16,0,0.0,8,9.5,4,0.0,35.0,4.0,,,65.0,8,2014,7,9,15.0,8,1980,1,17,1976
54387,新潟県,寺泊（テラドマリ）,,2026,1,8,16,0,0.0,8,4.0,4,2.0,1.0,4.0,,,61.0,8,2022,8,14,12.0,8,2008,1,8,2001
54396,新潟県,三条（サンジョウ）,,2026,1,8,16,0,0.0,8,5.5,4,2.0,25.0,4.0,,,72.0,8,2005,8,10,13.0,8,2021,1,5,1976
54406,新潟県,村松（ムラマツ）,,2026,1,8,16,0,0.0,8,5.0,4,2.0,52.0,4.0,,,68.5,8,2012,8,22,12.0,8,1995,1,18,1976
54421,新潟県,津川（ツガワ）,,2026,1,8,16,0,0.0,8,7.0,4,3.0,9.0,4.0,,,68.5,8,2011,7,28,10.5,8,2010,1,13,1976
54462,新潟県,宮寄上（ミヤヨリカミ）,,2026,1,8,16,0,0.0,8,6.0,4,3.0,25.0,4.0,,,93.5,8,2011,7,29,18.0,8,2005,1,11,1983
54472,新潟県,室谷（ムロヤ）,,2026,1,8,16,0,0.5,8,5.0,4,3.0,46.0,4.0,,,77.0,8,2013,7,27,11.5,8,2010,1,21,1993
54501,新潟県,長岡（ナガオカ）,,2026,1,8,16,0,0.0,8,7.0,4,4.0,52.0,4.0,,,69.0,8,2024,8,25,13.5,8,2013,1,2,1976
54506,新潟県,栃尾（トチオ）,,2026,1,8,16,0,0.0,8,6.5,4,5.0,28.0,4.0,,,73.5,8,2019,8,19,11.5,8,2020,1,29,1976
54541,新潟県,柏崎（カシワザキ）,,2026,1,8,16,0,0.0,8,7.0,4,5.0,2.0,4.0,,,52.0,8,2007,8,22,13.0,8,2000,1,19,1976
54566,新潟県,守門（スモン）,,2026,1,8,16,0,0.5,8,6.0,4,9.0,34.0,4.0,,,82.0,8,2005,8,20,13.0,8,1991,1,9,1976
54586,新潟県,大潟（オオガタ）,,2026,1,8,16,0,0.0,8,6.0,4,5.0,12.0,4.0,,,54.5,8,2024,9,19,16.0,8,2021,1,3,1978
54606,新潟県,小国（オグニ）,,2026,1,8,16,0,0.5,8,5.5,4,6.0,15.0,4.0,,,74.0,8,1984,8,30,16.0,8,1984,1,26,1977
54616,新潟県,小出（コイデ）,,2026,1,8,16,0,1.5,8,4.0,4,8.0,57.0,4.0,,,60.5,8,2013,6,8,19.0,8,1983,1,10,1976
54621,新潟県,大湯（オオユ）,,2026,1,8,16,0,1.5,8,4.5,4,13.0,13.0,4.0,,,75.5,8,2022,7,26,15.0,8,1983,1,12,1981
54651,新潟県,高田（タカダ）,47612.0,2026,1,8,16,0,0.0,8,8.0,4,6.0,45.0,4.0,,,91.0,8,2006,10,29,15.5,8,1980,1,10,1922
54661,新潟県,安塚（ヤスヅカ）,,2026,1,8,16,0,0.0,8,7.0,4,8.0,49.0,4.0,,,85.0,8,2022,8,4,24.0,4,2006,1,5,1976
54666,新潟県,川谷（カワダニ）,,2026,1,8,16,0,0.0,8,6.5,4,7.0,38.0,4.0,,,58.0,8,2011,7,30,17.0,8,2012,1,27,1985
54671,新潟県,松代（マツダイ）,,2026,1,8,16,0,0.5,8,4.5,4,7.0,57.0,4.0,,,59.0,8,2013,8,1,17.0,8,1981,1,12,1977
54676,新潟県,十日町（トオカマチ）,,2026,1,8,16,0,1.5,8,4.5,4,8.0,6.0,4.0,,,121.0,8,2011,7,29,17.0,8,1981,1,11,1976
54711,新潟県,糸魚川（イトイガワ）,,2026,1,8,16,0,0.0,8,9.5,4,6.0,56.0,4.0,,,70.0,8,1976,8,14,22.0,8,1978,1,15,1976
54721,新潟県,能生（ノウ）,,2026,1,8,16,0,0.0,8,12.5,4,6.0,33.0,4.0,,,67.0,8,2012,10,11,18.5,8,2017,1,3,1976
54737,新潟県,筒方（ドウガタ）,,2026,1,8,16,0,1.0,8,7.0,4,8.0,58.0,4.0,,,66.0,8,2022,8,4,16.5,8,2021,1,10,1985
54761,新潟県,塩沢（シオザワ）,,2026,1,8,16,0,1.5,8,3.5,4,11.0,58.0,4.0,,,89.5,8,2011,7,30,13.0,8,2011,1,31,1983
54816,新潟県,関山（セキヤマ）,,2026,1,8,16,0,2.5,8,4.5,4,9.0,28.0,4.0,,,46.5,8,2008,7,8,13.0,8,1984,1,18,1976
54836,新潟県,津南（ツナン）,,2026,1,8,16,0,1.5,8,3.5,4,11.0,54.0,4.0,,,62.0,8,2005,9,10,10.0,8,2002,1,21,1976
54841,新潟県,湯沢（ユザワ）,,2026,1,8,16,0,3.5,8,5.0,4,14.0,9.0,4.0,,,62.0,8,1988,8,26,10.0,8,2007,1,7,1976
54876,新潟県,平岩（ヒライワ）,,2026,1,8,16,0,1.0,8,5.5,4,11.0,22.0,4.0,,,51.0,4,1995,7,11,16.0,8,1981,1,21,1978
54892,新潟県,樽本（タルモト）,,2026,1,8,16,0,2.5,8,3.5,4,9.0,32.0,4.0,,,62.0,8,1986,8,27,9.0,8,2012,1,28,1985
55022,富山県,朝日（アサヒ）,,2026,1,8,16,0,0.0,8,8.5,4,8.0,33.0,4.0,,,57.0,8,1976,8,14,12.5,8,2017,1,30,1976
55041,富山県,氷見（ヒミ）,,2026,1,8,16,0,0.0,8,9.0,4,0.0,10.0,4.0,,,68.5,8,2008,7,28,15.0,8,2001,1,15,1978
55056,富山県,魚津（ウオヅ）,,2026,1,8,16,0,0.0,8,7.0,4,8.0,54.0,4.0,,,83.0,8,2014,7,19,12.0,8,2002,1,21,1976
55063,富山県,宇奈月（ウナヅキ）,,2026,1,8,16,0,0.0,8,5.5,4,10.0,14.0,4.0,,,74.0,8,2024,8,25,17.0,8,2020,1,8,1984
55091,富山県,伏木（フシキ）,47606.0,2026,1,8,16,0,0.0,8,5.5,4,0.0,23.0,4.0,,,74.5,8,2001,6,29,14.5,8,2016,1,24,1924
55102,富山県,富山（トヤマ）,47607.0,2026,1,8,16,0,0.0,8,4.0,4,0.0,50.0,4.0,,,75.0,8,1970,8,23,12.0,8,2002,1,21,1939
55141,富山県,砺波（トナミ）,,2026,1,8,16,0,0.5,8,4.0,4,9.0,8.0,4.0,,,67.0,8,1982,8,17,11.0,8,2002,1,21,1976
55151,富山県,秋ヶ島（アキガシマ）,,2026,1,8,16,0,0.0,8,3.5,4,5.0,53.0,4.0,,,65.5,8,2023,8,26,9.0,8,2003,1,14,2003
55156,富山県,大山（オオヤマ）,,2026,1,8,16,0,0.0,8,3.5,4,5.0,55.0,4.0,,,90.0,8,2023,9,5,11.0,8,2009,1,31,1984
55166,富山県,上市（カミイチ）,,2026,1,8,16,0,0.0,8,4.5,4,10.0,12.0,4.0,,,146.5,8,2024,8,25,13.0,8,1997,1,2,1978
55191,富山県,南砺高宮（ナントタカミヤ）,,2026,1,8,16,0,0.0,8,4.5,4,6.0,9.0,4.0,,,62.0,8,2008,7,8,11.0,8,2019,1,23,1976
55206,富山県,八尾（ヤツオ）,,2026,1,8,16,0,1.0,8,4.0,4,9.0,22.0,4.0,,,70.0,8,1979,10,1,10.0,8,2003,1,14,1976
55217,富山県,立山芦峅（タテヤマアシクラ）,,2026,1,8,16,0,0.5,8,4.5,4,6.0,17.0,4.0,,,60.5,8,2016,7,27,10.0,8,2011,1,6,2010
55252,富山県,五箇山（ゴカヤマ）,,2026,1,8,16,0,1.0,8,5.0,4,10.0,23.0,4.0,,,75.0,8,2008,7,28,10.5,8,2009,1,31,2004
55267,富山県,猪谷（イノタニ）,,2026,1,8,16,0,2.0,8,4.5,4,9.0,29.0,4.0,,,52.5,8,2008,7,27,10.0,8,2002,1,21,1996
56036,石川県,珠洲（スズ）,,2026,1,8,16,0,0.0,8,3.5,4,7.0,21.0,4.0,,,84.5,8,2024,9,21,11.0,8,2018,1,12,1976
56052,石川県,輪島（ワジマ）,47600.0,2026,1,8,16,0,0.0,8,1.5,4,6.0,39.0,4.0,,,121.0,8,2024,9,21,17.0,8,2005,1,4,1929
56081,石川県,門前（モンゼン）,,2026,1,8,16,0,0.0,8,1.5,4,7.0,21.0,4.0,,,101.0,8,2006,8,13,14.0,8,1990,1,6,1976
56093,石川県,三井（ミイ）,,2026,1,8,16,0,0.0,8,3.0,4,8.0,18.0,4.0,,,73.5,8,2025,9,29,9.0,8,2016,1,2,2003
56116,石川県,志賀（シカ）,,2026,1,8,16,0,0.0,8,1.5,4,8.0,4.0,4.0,,,64.5,8,2025,9,10,11.0,8,2005,1,19,1976
56146,石川県,七尾（ナナオ）,,2026,1,8,16,0,0.5,8,1.5,4,3.0,52.0,4.0,,,76.0,8,2024,8,25,14.0,8,2002,1,4,1976
56176,石川県,羽咋（ハクイ）,,2026,1,8,16,0,0.0,8,1.0,4,8.0,55.0,4.0,,,70.5,8,2014,8,8,14.5,8,2019,1,21,1976
56186,石川県,かほく（カホク）,,2026,1,8,16,0,0.0,8,2.0,4,0.0,4.0,4.0,,,85.5,8,2023,7,12,12.5,8,2021,1,18,1976
56192,石川県,宝達志水（ホウダツシミズ）,,2026,1,8,16,0,0.0,8,2.0,4,0.0,1.0,4.0,,,66.0,8,2005,8,11,19.0,8,2020,1,13,2003
56227,石川県,金沢（カナザワ）,47605.0,2026,1,8,16,0,0.0,8,4.0,4,0.0,6.0,4.0,,,77.3,8,1950,9,18,17.0,8,1940,1,5,1937
56232,石川県,医王山（イオウゼン）,,2026,1,8,16,0,1.5,8,4.5,4,9.0,56.0,4.0,,,76.0,8,2008,7,8,10.0,8,2015,1,6,2003
56276,石川県,小松（コマツ）,,2026,1,8,16,0,0.5,8,3.0,4,5.0,32.0,4.0,,,65.0,8,2012,10,11,13.5,8,2009,1,10,1978
56286,石川県,白山河内（ハクサンカワチ）,,2026,1,8,16,0,0.5,8,5.5,4,6.0,47.0,4.0,,,108.0,8,2022,8,4,12.0,8,1995,1,9,1976
56301,石川県,加賀中津原（カガナカツハラ）,,2026,1,8,16,0,0.0,8,6.0,4,0.0,34.0,4.0,,,70.5,8,2025,8,27,13.0,8,1994,1,17,1976
56346,石川県,白山白峰（ハクサンシラミネ）,,2026,1,8,16,0,0.5,8,3.5,4,6.0,45.0,4.0,,,91.0,8,2022,8,4,14.0,8,2002,1,21,1977
56401,石川県,舳倉島（ヘグラジマ）,,2026,1,8,16,0,0.0,8,1.0,4,5.0,44.0,4.0,,,77.0,8,2018,8,31,10.5,8,2020,1,15,2014
57001,福井県,三国（ミクニ）,,2026,1,8,16,0,0.0,8,1.5,4,0.0,31.0,4.0,,,66.0,8,2023,7,13,14.0,8,2002,1,11,1976
57026,福井県,春江（ハルエ）,,2026,1,8,16,0,0.5,8,3.0,4,3.0,28.0,4.0,,,53.0,8,2004,7,18,10.5,8,2025,1,13,2003
57051,福井県,越廼（コシノ）,,2026,1,8,16,0,0.0,8,2.5,4,2.0,9.0,4.0,,,69.0,8,2023,7,13,14.0,8,2003,1,23,1978
57066,福井県,福井（フクイ）,47616.0,2026,1,8,16,0,0.0,8,8.0,4,1.0,20.0,4.0,,,75.0,8,2004,7,18,13.5,8,2004,1,23,1940
57071,福井県,美山（ミヤマ）,,2026,1,8,16,0,0.5,8,7.5,4,2.0,52.0,4.0,,,96.0,8,2004,7,18,14.0,8,1989,1,19,1976
57082,福井県,勝山（カツヤマ）,,2026,1,8,16,0,0.0,8,6.5,4,2.0,7.0,4.0,,,58.5,8,2008,8,28,9.0,8,2002,1,21,1993
57106,福井県,武生（タケフ）,,2026,1,8,16,0,0.0,8,5.0,4,3.0,33.0,4.0,,,79.5,8,2023,9,18,12.5,8,2009,1,9,2005
57121,福井県,大野（オオノ）,,2026,1,8,16,0,0.0,8,6.5,4,3.0,26.0,4.0,,,64.5,8,2008,8,28,12.0,8,2002,1,21,1976
57176,福井県,九頭竜（クズリュウ）,,2026,1,8,16,0,0.0,8,4.0,4,5.0,3.0,4.0,,,94.0,8,2004,8,9,16.0,8,2000,1,7,1982
57206,福井県,今庄（イマジョウ）,,2026,1,8,16,0,0.5,8,7.5,4,4.0,43.0,4.0,,,74.0,8,2022,8,5,15.0,8,2016,1,18,1976
57248,福井県,敦賀（ツルガ）,47631.0,2026,1,8,16,0,0.0,8,8.0,4,5.0,0.0,4.0,,,58.5,8,2014,6,12,22.0,8,1974,1,21,1937
57286,福井県,美浜（ミハマ）,,2026,1,8,16,0,0.0,8,4.0,4,8.0,20.0,4.0,,,95.0,8,1999,8,14,15.0,8,1992,1,10,1976
57311,福井県,大飯（オオイ）,,2026,1,8,16,0,0.5,8,4.0,4,11.0,7.0,4.0,,,61.0,8,2005,8,13,14.0,8,2005,1,1,1995
57317,福井県,小浜（オバマ）,,2026,1,8,16,0,0.0,8,3.0,4,10.0,4.0,4.0,,,65.5,8,2018,8,24,18.0,8,2024,1,4,1976
60026,滋賀県,柳ケ瀬（ヤナガセ）,,2026,1,8,16,0,0.5,8,7.5,4,6.0,12.0,4.0,,,57.0,8,1990,7,24,14.0,8,2015,1,10,1976
60051,滋賀県,今津（イマヅ）,,2026,1,8,16,0,0.5,8,2.0,4,11.0,5.0,4.0,,,81.0,8,1999,9,15,10.5,8,2009,1,31,1976
60061,滋賀県,長浜（ナガハマ）,,2026,1,8,16,0,0.5,8,3.0,4,7.0,30.0,4.0,,,50.5,8,2008,7,18,12.0,8,2002,1,21,1976
60081,滋賀県,朽木平良（クツキヘラ）,,2026,1,8,16,0,1.5,8,2.0,4,13.0,24.0,4.0,,,79.5,8,2018,9,4,12.0,8,2009,1,31,2006
60102,滋賀県,米原（マイバラ）,,2026,1,8,16,0,0.0,8,1.5,4,7.0,43.0,4.0,,,64.0,8,2002,7,9,13.0,8,2002,1,21,2001
60116,滋賀県,南小松（ミナミコマツ）,,2026,1,8,16,0,1.0,8,1.5,4,15.0,54.0,4.0,,,68.5,8,2012,8,18,11.0,8,2009,1,31,1976
60131,滋賀県,彦根（ヒコネ）,47761.0,2026,1,8,16,0,0.5,8,1.0,4,12.0,24.0,4.0,,,63.5,8,2001,7,17,15.0,8,1996,1,15,1894
60161,滋賀県,近江八幡（オウミハチマン）,,2026,1,8,16,0,0.5,8,0.5,4,16.0,0.0,4.0,,,65.0,8,2012,8,18,11.0,8,1996,1,15,1976
60196,滋賀県,東近江（ヒガシオウミ）,,2026,1,8,16,0,0.0,8,0.0,4,,,,,,64.0,8,1984,7,21,10.5,8,2015,1,15,1976
60216,滋賀県,大津（オオツ）,,2026,1,8,16,0,0.0,8,0.0,4,,,,,,76.0,8,2004,7,10,12.0,8,2009,1,30,1977
60226,滋賀県,信楽（シガラキ）,,2026,1,8,16,0,0.0,8,0.0,4,,,,,,61.0,8,2019,7,23,12.0,8,2002,1,21,1976
60236,滋賀県,土山（ツチヤマ）,,2026,1,8,16,0,0.0,8,0.0,4,,,,,,60.0,8,2023,9,11,14.5,8,2013,1,14,1976
61001,京都府,間人（タイザ）,,2026,1,8,16,0,0.0,8,1.0,4,0.0,22.0,4.0,,,51.0,8,1995,9,3,14.0,8,2020,1,8,1976
61031,京都府,峰山（ミネヤマ）,,2026,1,8,16,0,0.0,8,2.0,4,3.0,53.0,4.0,,,81.0,8,2008,7,28,11.0,8,2005,1,4,1976
61076,京都府,宮津（ミヤヅ）,,2026,1,8,16,0,0.0,8,4.5,4,5.0,19.0,4.0,,,71.0,8,2008,7,28,12.0,8,2020,1,8,1976
61096,京都府,坂浦（サカウラ）,,2026,1,8,16,0,1.5,8,3.5,4,9.0,41.0,4.0,,,89.0,8,2022,7,9,10.5,8,2024,1,21,2013
61111,京都府,舞鶴（マイヅル）,47750.0,2026,1,8,16,0,0.0,8,3.0,4,8.0,44.0,4.0,,,80.2,8,1957,7,16,13.5,8,2012,1,24,1947
61151,京都府,睦寄（ムツヨリ）,,2026,1,8,16,0,0.5,8,1.5,4,13.0,44.0,4.0,,,73.0,8,1998,7,29,9.5,8,2012,1,23,1977
61187,京都府,福知山（フクチヤマ）,,2026,1,8,16,0,1.0,8,2.0,4,13.0,3.0,4.0,,,79.5,8,2018,8,29,10.5,8,2024,1,21,1976
61192,京都府,三和（ミワ）,,2026,1,8,16,0,0.5,8,1.0,4,15.0,18.0,4.0,,,83.0,8,2022,7,9,10.0,8,2024,1,21,1982
61196,京都府,綾部山家（アヤベヤマガ）,,2026,1,8,16,0,0.0,8,1.5,4,11.0,9.0,4.0,,,54.5,8,2022,7,27,9.5,8,2024,1,21,2021
61201,京都府,本庄（ホンジョウ）,,2026,1,8,16,0,0.0,8,1.0,4,14.0,40.0,4.0,,,81.0,8,1976,9,10,10.5,8,2024,1,21,1976
61206,京都府,美山（ミヤマ）,,2026,1,8,16,0,0.5,8,1.0,4,13.0,34.0,4.0,,,76.0,8,1988,8,24,10.0,8,1988,1,21,1978
61241,京都府,須知（シュウチ）,,2026,1,8,16,0,0.0,8,0.5,4,13.0,56.0,4.0,,,74.0,8,2022,7,3,8.5,8,2020,1,8,1982
61242,京都府,園部（ソノベ）,,2026,1,8,16,0,0.0,8,0.5,4,15.0,22.0,4.0,,,66.0,8,2003,8,19,10.0,8,2020,1,8,2002
61251,京都府,京北（ケイホク）,,2026,1,8,16,0,0.0,8,1.0,4,13.0,24.0,4.0,,,85.5,8,2018,8,24,10.0,8,2009,1,31,1976
61286,京都府,京都（キョウト）,47759.0,2026,1,8,16,0,0.0,8,0.0,4,,,,,,102.0,8,2025,8,25,15.4,8,1950,1,30,1906
61306,京都府,長岡京（ナガオカキョウ）,,2026,1,8,16,0,0.0,8,0.0,4,,,,,,99.0,8,1987,9,10,13.5,8,2020,1,8,1976
61326,京都府,京田辺（キョウタナベ）,,2026,1,8,16,0,0.0,8,0.0,4,,,,,,78.0,8,2012,8,14,13.5,8,2020,1,8,1976
62016,大阪府,能勢（ノセ）,,2026,1,8,16,0,0.0,8,0.0,4,,,,,,84.5,8,2018,8,24,11.0,8,2020,1,8,1976
62037,大阪府,茨木（イバラキ）,,2026,1,8,16,0,0.0,8,0.0,4,,,,,,72.0,8,2012,8,14,17.0,8,2018,1,17,2009
62046,大阪府,枚方（ヒラカタ）,,2026,1,8,16,0,0.0,8,0.0,4,,,,,,91.0,8,2012,8,14,13.0,8,2001,1,10,1976
62051,大阪府,豊中（トヨナカ）,,2026,1,8,16,0,0.0,8,0.5,4,0.0,43.0,4.0,,,110.0,8,2006,8,22,17.0,8,2020,1,8,1976
62078,大阪府,大阪（オオサカ）,47772.0,2026,1,8,16,0,0.0,8,1.5,4,0.0,45.0,4.0,,,77.5,8,2011,8,27,24.6,8,1950,1,30,1889
62081,大阪府,生駒山（イコマヤマ）,,2026,1,8,16,0,0.0,8,0.5,4,1.0,17.0,4.0,,,75.0,8,1999,8,11,12.0,8,2009,1,30,1976
62091,大阪府,堺（サカイ）,,2026,1,8,16,0,0.0,8,0.0,4,,,,,,93.5,8,2008,9,5,12.0,8,2003,1,27,1976
62096,大阪府,八尾（ヤオ）,,2026,1,8,16,0,0.0,8,0.0,4,,,,,,61.0,8,2004,5,13,13.0,8,2003,1,27,2003
62101,大阪府,関空島（カンクウジマ）,,2026,1,8,16,0,0.0,8,0.0,4,,,,,,79.0,8,2014,10,13,15.5,8,2020,1,8,2003
62111,大阪府,河内長野（カワチナガノ）,,2026,1,8,16,0,0.0,8,0.5,4,2.0,47.0,4.0,,,59.0,8,1995,7,4,17.5,8,2020,1,8,1976
62131,大阪府,熊取（クマトリ）,,2026,1,8,16,0,0.0,8,0.0,4,,,,,,67.0,8,2003,8,26,17.0,8,2003,1,27,1976
63016,兵庫県,香住（カスミ）,,2026,1,8,16,0,1.0,8,5.5,4,0.0,3.0,4.0,,,87.0,8,2004,8,14,14.0,8,2007,1,8,1976
63032,兵庫県,温泉（オンセン）,,2026,1,8,16,0,0.0,8,2.0,4,11.0,25.0,4.0,,,75.5,8,2010,8,30,10.5,8,2009,1,10,2006
63051,兵庫県,豊岡（トヨオカ）,47747.0,2026,1,8,16,0,1.5,8,6.0,4,9.0,34.0,4.0,,,59.5,8,2004,8,14,13.3,8,1954,1,25,1926
63071,兵庫県,兎和野高原（ウワノコウゲン）,,2026,1,8,16,0,0.5,8,3.0,4,4.0,50.0,4.0,,,67.0,8,2011,8,25,11.0,8,2016,1,20,2005
63111,兵庫県,大屋（オオヤ）,,2026,1,8,16,0,1.0,8,2.0,4,15.0,33.0,4.0,,,89.5,8,2016,9,8,11.0,8,2024,1,21,1976
63116,兵庫県,八鹿（ヨウカ）,,2026,1,8,16,0,0.5,8,3.0,4,11.0,19.0,4.0,,,63.0,8,2011,8,16,11.0,8,2015,1,22,2005
63121,兵庫県,和田山（ワダヤマ）,,2026,1,8,16,0,0.5,8,2.0,4,12.0,15.0,4.0,,,68.5,8,2010,7,1,9.0,8,2024,1,21,1976
63201,兵庫県,生野（イクノ）,,2026,1,8,16,0,0.5,8,0.5,4,16.0,0.0,4.0,,,73.0,8,2019,6,21,14.0,8,2020,1,8,1976
63216,兵庫県,柏原（カイバラ）,,2026,1,8,16,0,0.0,8,0.5,4,9.0,35.0,4.0,,,94.0,8,2013,9,2,14.5,8,2015,1,15,1976
63241,兵庫県,佐用（サヨウ）,,2026,1,8,16,0,0.0,8,0.0,4,,,,,,89.0,8,2009,8,9,8.0,8,2015,1,15,1976
63251,兵庫県,一宮（イチノミヤ）,,2026,1,8,16,0,0.0,8,0.0,4,,,,,,86.5,8,2012,7,20,11.5,8,2024,1,21,1976
63321,兵庫県,福崎（フクサキ）,,2026,1,8,16,0,0.0,8,0.0,4,,,,,,69.5,8,2009,8,2,12.0,8,2015,1,15,1976
63331,兵庫県,西脇（ニシワキ）,,2026,1,8,16,0,0.0,8,0.0,4,,,,,,64.0,8,1983,9,28,10.0,8,2020,1,8,1976
63346,兵庫県,後川（シツカワ）,,2026,1,8,16,0,0.5,8,0.5,4,16.0,0.0,4.0,,,68.0,8,2022,7,9,13.5,8,2020,1,8,1976
63366,兵庫県,上郡（カミゴオリ）,,2026,1,8,16,0,0.0,8,0.0,4,,,,,,56.0,8,2007,8,22,10.5,8,2015,1,15,1976
63383,兵庫県,姫路（ヒメジ）,47769.0,2026,1,8,16,0,0.0,8,0.0,4,,,,,,79.0,8,2011,9,4,19.0,8,1950,1,30,1949
63411,兵庫県,三田（サンダ）,,2026,1,8,16,0,0.0,8,0.0,4,,,,,,93.0,8,2025,7,8,16.0,8,2020,1,8,1976
63461,兵庫県,三木（ミキ）,,2026,1,8,16,0,0.0,8,0.0,4,,,,,,59.0,8,2008,7,8,14.5,8,2020,1,8,1977
63477,兵庫県,西宮（ニシノミヤ）,,2026,1,8,16,0,0.0,8,0.0,4,,,,,,78.0,8,2013,8,25,22.5,8,2020,1,8,2006
63491,兵庫県,家島（イエシマ）,,2026,1,8,16,0,0.0,8,0.0,4,,,,,,96.0,4,1976,9,10,10.0,8,2015,1,15,1976
63496,兵庫県,明石（アカシ）,,2026,1,8,16,0,0.0,8,0.0,4,,,,,,63.0,8,2004,9,29,11.0,8,2015,1,15,1992
63517,兵庫県,神戸空港（コウベクウコウ）,,2026,1,8,16,0,0.0,8,0.0,4,,,,,,64.5,8,2014,8,10,11.5,8,2015,1,26,2006
63518,兵庫県,神戸（コウベ）,47770.0,2026,1,8,16,0,0.0,8,0.0,4,,,,,,87.7,8,1939,8,1,21.0,8,2020,1,8,1897
63551,兵庫県,郡家（グンゲ）,,2026,1,8,16,0,0.0,8,0.0,4,,,,,,104.0,8,2004,9,29,11.5,8,2015,1,15,1976
63571,兵庫県,洲本（スモト）,47776.0,2026,1,8,16,0,0.0,8,0.0,4,,,,,,95.2,8,1965,9,16,68.8,8,1950,1,30,1919
63588,兵庫県,南淡（ナンダン）,,2026,1,8,16,0,0.0,8,0.0,4,,,,,,116.5,8,2024,8,29,11.5,8,2020,1,8,2004
64036,奈良県,奈良（ナラ）,47780.0,2026,1,8,16,0,0.0,8,0.5,4,1.0,35.0,4.0,,,79.0,8,2000,5,13,11.0,8,2020,1,8,1953
64041,奈良県,針（ハリ）,,2026,1,8,16,0,0.0,8,0.5,4,2.0,8.0,4.0,,,71.0,8,1977,7,27,16.0,8,1987,1,24,1976
64056,奈良県,田原本（タワラモト）,,2026,1,8,16,0,0.0,8,1.0,4,2.0,5.0,4.0,,,80.0,8,2010,8,27,11.5,8,2020,1,8,1976
64076,奈良県,曽爾（ソニ）,,2026,1,8,16,0,0.0,8,0.5,4,2.0,58.0,4.0,,,93.5,8,2018,7,29,14.5,8,2009,1,30,1976
64091,奈良県,葛城（カツラギ）,,2026,1,8,16,0,0.0,8,0.5,4,3.0,31.0,4.0,,,75.5,8,2017,9,12,15.5,8,2020,1,8,1981
64101,奈良県,大宇陀（オオウダ）,,2026,1,8,16,0,0.0,8,1.0,4,2.0,37.0,4.0,,,60.0,8,2022,9,2,15.5,8,2020,1,8,1976
64127,奈良県,五條（ゴジョウ）,,2026,1,8,16,0,0.0,8,0.5,4,3.0,14.0,4.0,,,48.5,8,2016,7,28,9.5,8,2018,1,17,2005
64136,奈良県,吉野（ヨシノ）,,2026,1,8,16,0,0.0,8,0.0,4,,,,,,64.0,8,2022,9,3,14.0,8,2020,1,8,1991
64161,奈良県,天川（テンカワ）,,2026,1,8,16,0,1.0,8,1.0,4,16.0,0.0,4.0,,,73.5,8,2012,9,7,15.5,8,2020,1,8,2010
64206,奈良県,上北山（カミキタヤマ）,,2026,1,8,16,0,0.0,8,0.0,4,,,,,,81.0,8,2004,8,5,16.5,8,2009,1,30,1976
64227,奈良県,風屋（カゼヤ）,,2026,1,8,16,0,0.0,8,0.0,4,,,,,,65.0,8,2025,7,3,20.0,8,2020,1,8,1977
64236,奈良県,下北山（シモキタヤマ）,,2026,1,8,16,0,0.0,8,0.0,4,,,,,,84.5,8,2025,9,5,18.0,8,2020,1,8,2014
64262,奈良県,葛川（クズカワ）,,2026,1,8,16,0,0.0,8,0.0,4,,,,,,56.5,8,2025,7,17,12.5,8,2023,1,14,2021
65021,和歌山県,葛城山（カツラギサン）,,2026,1,8,16,0,0.0,8,0.0,4,,,,,,90.5,8,2020,9,5,22.5,8,2020,1,8,1976
65026,和歌山県,かつらぎ（カツラギ）,,2026,1,8,16,0,0.0,8,0.0,4,,,,,,78.0,8,2003,8,26,19.0,8,2018,1,17,1979
65036,和歌山県,友ケ島（トモガシマ）,,2026,1,8,16,0,0.0,8,0.0,4,,,,,,88.0,8,2003,10,13,14.5,8,2020,1,8,1998
65042,和歌山県,和歌山（ワカヤマ）,47777.0,2026,1,8,16,0,0.0,8,0.0,4,,,,,,122.5,8,2009,11,11,30.0,8,1975,1,22,1933
65061,和歌山県,高野山（コウヤサン）,,2026,1,8,16,0,0.0,8,0.5,4,12.0,32.0,4.0,,,72.0,8,1976,7,28,21.0,8,1989,1,20,1976
65106,和歌山県,湯浅（ユアサ）,,2026,1,8,16,0,0.0,8,0.0,4,,,,,,83.5,8,2023,6,2,44.0,8,2020,1,8,1976
65121,和歌山県,清水（シミズ）,,2026,1,8,16,0,0.0,8,0.0,4,,,,,,70.0,8,2023,6,2,31.5,8,2020,1,8,1976
65127,和歌山県,護摩壇山（ゴマダンザン）,,2026,1,8,16,0,0.0,8,0.0,4,,,,,,70.0,8,2018,9,4,26.0,8,2020,1,8,2010
65162,和歌山県,龍神（リュウジン）,,2026,1,8,16,0,0.0,8,0.0,4,,,,,,82.0,8,2023,9,21,25.0,8,1995,1,4,1994
65201,和歌山県,川辺（カワベ）,,2026,1,8,16,0,0.0,8,0.0,4,,,,,,99.0,8,2006,7,5,27.0,8,2021,1,27,1999
65226,和歌山県,本宮（ホングウ）,,2026,1,8,16,0,0.0,8,0.0,4,,,,,,87.0,8,2022,8,14,33.0,8,2009,1,30,1976
65256,和歌山県,栗栖川（クリスガワ）,,2026,1,8,16,0,0.0,8,0.0,4,,,,,,102.0,8,2001,8,9,32.0,8,2021,1,27,1976
65276,和歌山県,新宮（シングウ）,,2026,1,8,16,0,0.0,8,0.0,4,,,,,,132.5,8,2011,9,4,50.0,8,1979,1,30,1976
65288,和歌山県,南紀白浜（ナンキシラハマ）,,2026,1,8,16,0,0.0,8,0.0,4,,,,,,97.5,8,2016,7,9,19.5,8,2015,1,15,2006
65306,和歌山県,西川（ニシカワ）,,2026,1,8,16,0,0.0,8,0.0,4,,,,,,89.5,8,2018,8,23,38.0,8,2009,1,30,1979
65311,和歌山県,色川（イロカワ）,,2026,1,8,16,0,0.0,8,0.0,4,,,,,,96.0,8,1988,9,6,47.0,8,1979,1,30,1977
65321,和歌山県,日置川（ヒキガワ）,,2026,1,8,16,0,0.0,8,0.0,4,,,,,,89.5,8,2017,6,21,32.0,8,1996,1,15,1976
65356,和歌山県,潮岬（シオノミサキ）,47778.0,2026,1,8,16,0,0.0,8,0.0,4,,,,,,145.0,8,1972,11,14,48.0,8,2009,1,30,1937
66046,岡山県,上長田（カミナガタ）,,2026,1,8,16,0,0.0,8,2.0,4,10.0,48.0,4.0,,,73.0,8,2013,7,15,13.5,8,2015,1,22,1978
66056,岡山県,恩原（オンバラ）,,2026,1,8,16,0,1.0,8,2.5,4,11.0,34.0,4.0,,,71.5,8,2023,8,15,11.5,8,2015,1,15,1981
66091,岡山県,千屋（チヤ）,,2026,1,8,16,0,0.5,8,1.5,4,11.0,44.0,4.0,,,78.5,8,2025,6,23,8.0,8,2015,1,22,1978
66112,岡山県,富（トミ）,,2026,1,8,16,0,1.0,8,1.5,4,14.0,46.0,4.0,,,62.0,8,2007,8,19,13.0,8,2015,1,22,2006
66127,岡山県,奈義（ナギ）,,2026,1,8,16,0,0.0,8,0.0,4,,,,,,66.0,8,2002,7,10,9.0,8,2024,1,21,1977
66136,岡山県,今岡（イマオカ）,,2026,1,8,16,0,0.0,8,0.0,4,,,,,,73.5,8,2019,7,8,11.0,8,2024,1,21,1976
66171,岡山県,久世（クセ）,,2026,1,8,16,0,0.0,8,0.0,4,,,,,,69.5,8,2023,8,16,8.5,8,2024,1,21,1976
66186,岡山県,津山（ツヤマ）,47756.0,2026,1,8,16,0,0.0,8,0.0,4,,,,,,93.0,8,1977,9,3,9.9,8,1950,1,30,1943
66221,岡山県,新見（ニイミ）,,2026,1,8,16,0,0.0,8,0.0,4,,,,,,58.0,8,2005,7,1,11.0,8,2002,1,27,1978
66226,岡山県,下呰部（シモアザエ）,,2026,1,8,16,0,0.0,8,0.0,4,,,,,,83.5,8,2023,8,16,8.0,8,1996,1,15,1976
66237,岡山県,旭西（アサヒニシ）,,2026,1,8,16,0,0.0,8,0.0,4,,,,,,67.5,8,2013,8,5,8.0,8,2024,1,21,2010
66251,岡山県,赤磐（アカイワ）,,2026,1,8,16,0,0.0,8,0.0,4,,,,,,64.0,8,2004,8,5,13.0,8,2008,1,12,1976
66276,岡山県,陣山（ジンヤマ）,,2026,1,8,16,0,0.0,8,0.0,4,,,,,,64.5,8,2012,7,7,9.0,8,1996,1,15,1976
66287,岡山県,吉備中央（キビチュウオウ）,,2026,1,8,16,0,0.0,8,0.0,4,,,,,,65.0,8,2012,7,21,14.0,8,2008,1,12,2006
66296,岡山県,福渡（フクワタリ）,,2026,1,8,16,0,0.0,8,0.0,4,,,,,,61.0,8,1982,8,7,15.0,8,2008,1,12,1976
66306,岡山県,和気（ワケ）,,2026,1,8,16,0,0.0,8,0.0,4,,,,,,87.0,8,2003,8,8,8.0,8,2015,1,15,1976
66336,岡山県,高梁（タカハシ）,,2026,1,8,16,0,0.0,8,0.0,4,,,,,,55.0,8,1988,6,27,11.0,8,2008,1,12,1976
66346,岡山県,日応寺（ニチオウジ）,,2026,1,8,16,0,0.0,8,0.0,4,,,,,,49.5,8,2017,7,29,8.0,8,2006,1,14,2003
66381,岡山県,佐屋（サヤ）,,2026,1,8,16,0,0.0,8,0.0,4,,,,,,61.0,8,2007,8,19,9.5,8,2015,1,15,1976
66391,岡山県,矢掛（ヤカゲ）,,2026,1,8,16,0,0.0,8,0.0,4,,,,,,60.0,8,1988,8,24,10.0,8,2008,1,12,1976
66408,岡山県,岡山（オカヤマ）,47768.0,2026,1,8,16,0,0.0,8,0.0,4,,,,,,73.5,8,1994,7,7,9.5,8,2015,1,15,1933
66421,岡山県,虫明（ムシアゲ）,,2026,1,8,16,0,0.0,8,0.0,4,,,,,,81.0,8,2004,8,5,10.0,8,2015,1,15,1976
66446,岡山県,倉敷（クラシキ）,,2026,1,8,16,0,0.0,8,0.0,4,,,,,,48.5,8,2022,8,21,8.5,8,2020,1,8,1976
66481,岡山県,笠岡（カサオカ）,,2026,1,8,16,0,0.0,8,0.0,4,,,,,,46.5,8,2008,7,5,10.5,8,2015,1,15,1976
66501,岡山県,玉野（タマノ）,,2026,1,8,16,0,0.0,8,0.0,4,,,,,,48.0,8,2004,9,29,9.0,8,2020,1,8,1976
67016,広島県,高野（タカノ）,,2026,1,8,16,0,0.0,8,1.0,4,11.0,5.0,4.0,,,73.0,8,2005,8,15,8.0,8,2006,1,14,1976
67026,広島県,道後山（ドウゴヤマ）,,2026,1,8,16,0,0.5,8,1.5,4,8.0,37.0,4.0,,,64.0,8,2011,7,24,8.0,8,2024,1,20,2006
67052,広島県,君田（キミタ）,,2026,1,8,16,0,0.5,8,1.5,4,12.0,49.0,4.0,,,78.0,8,2006,8,21,10.0,8,2016,1,20,2006
67106,広島県,三次（ミヨシ）,,2026,1,8,16,0,0.0,8,1.0,4,8.0,2.0,4.0,,,74.0,8,1996,7,22,11.0,8,2006,1,14,1976
67116,広島県,庄原（ショウバラ）,,2026,1,8,16,0,0.0,8,0.5,4,1.0,30.0,4.0,,,64.0,8,2010,7,16,11.0,8,2006,1,14,1976
67126,広島県,東城（トウジョウ）,,2026,1,8,16,0,0.0,8,0.5,4,9.0,10.0,4.0,,,69.5,8,2012,7,28,7.5,8,2024,1,21,1976
67136,広島県,八幡（ヤワタ）,,2026,1,8,16,0,0.5,8,1.5,4,14.0,0.0,4.0,,,72.0,8,1995,8,31,13.0,8,2002,1,26,1978
67151,広島県,大朝（オオアサ）,,2026,1,8,16,0,0.0,8,1.5,4,12.0,26.0,4.0,,,59.0,8,2025,7,8,13.0,4,1976,1,12,1976
67161,広島県,美土里（ミドリ）,,2026,1,8,16,0,0.0,8,1.0,4,12.0,49.0,4.0,,,68.5,8,2015,7,10,8.0,8,2020,1,8,2006
67191,広島県,油木（ユキ）,,2026,1,8,16,0,0.0,8,0.0,4,,,,,,79.0,8,2004,8,6,12.0,8,1988,1,21,1978
67211,広島県,王泊（オオドマリ）,,2026,1,8,16,0,0.0,8,0.5,4,14.0,41.0,4.0,,,65.0,8,2019,6,21,8.0,8,1988,1,21,1978
67212,広島県,加計（カケ）,,2026,1,8,16,0,0.0,8,0.5,4,13.0,36.0,4.0,,,85.0,8,1992,8,25,10.0,8,2020,1,8,1976
67217,広島県,都志見（ツシミ）,,2026,1,8,16,0,0.0,8,0.0,4,,,,,,70.0,8,2014,8,20,12.5,8,2020,1,8,2006
67231,広島県,甲田（コウダ）,,2026,1,8,16,0,0.0,8,0.5,4,15.0,47.0,4.0,,,73.5,8,2022,9,1,10.0,8,1996,1,15,1976
67251,広島県,上下（ジョウゲ）,,2026,1,8,16,0,0.0,8,0.0,4,,,,,,74.0,8,2016,7,31,11.0,8,1996,1,15,1976
67271,広島県,内黒山（ウチグロヤマ）,,2026,1,8,16,0,0.5,8,2.0,4,12.0,14.0,4.0,,,62.0,8,1995,7,22,12.5,8,2020,1,8,1976
67292,広島県,三入（ミイリ）,,2026,1,8,16,0,0.0,8,0.0,4,,,,,,101.0,8,2014,8,20,11.0,8,2020,1,8,1976
67306,広島県,安宿（アスカ）,,2026,1,8,16,0,0.0,8,0.0,4,,,,,,64.5,8,2024,7,24,8.5,8,2020,1,8,2010
67316,広島県,世羅（セラ）,,2026,1,8,16,0,0.0,8,0.5,4,13.0,21.0,4.0,,,48.5,8,2021,9,4,12.0,8,1996,1,15,1976
67326,広島県,府中（フチュウ）,,2026,1,8,16,0,0.0,8,0.0,4,,,,,,59.0,8,2020,7,29,15.0,8,2008,1,12,1976
67351,広島県,佐伯湯来（サエキユキ）,,2026,1,8,16,0,0.0,8,0.0,4,,,,,,58.0,8,2006,9,16,15.0,8,2020,1,8,2006
67371,広島県,志和（シワ）,,2026,1,8,16,0,0.0,8,0.0,4,,,,,,56.0,8,2024,7,24,13.5,8,2020,1,8,1977
67376,広島県,東広島（ヒガシヒロシマ）,,2026,1,8,16,0,0.0,8,0.0,4,,,,,,73.0,8,2006,8,11,15.0,8,2008,1,12,1976
67386,広島県,本郷（ホンゴウ）,,2026,1,8,16,0,0.0,8,0.0,4,,,,,,56.5,8,2018,7,6,11.0,8,2008,1,12,2003
67401,広島県,福山（フクヤマ）,47767.0,2026,1,8,16,0,0.0,8,0.0,4,,,,,,93.0,8,2008,8,29,12.0,8,2015,1,15,1942
67421,広島県,廿日市津田（ハツカイチツタ）,,2026,1,8,16,0,0.0,8,0.0,4,,,,,,87.0,8,1987,9,11,14.0,8,2006,1,14,1978
67437,広島県,広島（ヒロシマ）,47765.0,2026,1,8,16,0,0.0,8,0.0,4,,,,,,79.2,8,1926,9,11,16.0,8,2020,1,8,1888
67461,広島県,竹原（タケハラ）,,2026,1,8,16,0,0.0,8,0.0,4,,,,,,57.0,8,2021,8,18,10.5,8,2020,1,8,1976
67471,広島県,生口島（イクチジマ）,,2026,1,8,16,0,0.0,8,0.0,4,,,,,,48.0,8,2007,7,3,9.5,8,2020,1,8,1976
67496,広島県,大竹（オオタケ）,,2026,1,8,16,0,0.0,8,0.0,4,,,,,,79.0,8,2025,9,10,17.0,8,2020,1,8,1976
67511,広島県,呉（クレ）,47766.0,2026,1,8,16,0,0.0,8,0.0,4,,,,,,74.7,8,1967,7,9,20.0,8,2020,1,8,1920
67566,広島県,倉橋（クラハシ）,,2026,1,8,16,0,0.0,8,0.0,4,,,,,,62.0,8,2018,9,7,15.0,8,2015,1,15,1976
67576,広島県,呉市蒲刈（クレシカマガリ）,,2026,1,8,16,0,0.0,8,0.0,4,,,,,,59.5,8,2013,8,25,16.5,8,2020,1,8,2009
68022,島根県,西郷（サイゴウ）,47740.0,2026,1,8,16,0,0.5,8,0.5,4,16.0,0.0,4.0,,,93.0,8,1988,9,27,14.0,8,2011,1,1,1939
68046,島根県,西郷岬（サイゴウミサキ）,,2026,1,8,16,0,0.0,8,0.5,4,10.0,44.0,4.0,,,63.0,8,2020,8,7,11.5,8,2023,1,13,2003
68056,島根県,海士（アマ）,,2026,1,8,16,0,0.5,8,1.0,4,14.0,43.0,4.0,,,76.0,8,2021,8,9,17.5,8,2023,1,15,1978
68091,島根県,鹿島（カシマ）,,2026,1,8,16,0,0.0,8,0.5,4,12.0,38.0,4.0,,,102.0,8,1989,10,2,11.0,8,2007,1,2,1976
68121,島根県,斐川（ヒカワ）,,2026,1,8,16,0,0.0,8,0.5,4,15.0,47.0,4.0,,,75.0,8,2021,7,7,11.5,8,2010,1,21,1976
68132,島根県,松江（マツエ）,47741.0,2026,1,8,16,0,0.0,8,1.5,4,7.0,58.0,4.0,,,77.9,8,1944,8,25,10.8,8,1957,1,9,1940
68156,島根県,出雲（イズモ）,,2026,1,8,16,0,0.0,8,0.5,4,11.0,5.0,4.0,,,67.5,8,2010,8,12,17.0,8,2010,1,21,1978
68166,島根県,大東（ダイトウ）,,2026,1,8,16,0,0.0,8,0.5,4,12.0,23.0,4.0,,,64.0,8,1990,9,1,9.0,8,2012,1,2,1976
68181,島根県,伯太（ハクタ）,,2026,1,8,16,0,0.0,8,2.0,4,11.0,49.0,4.0,,,100.5,8,2013,7,15,11.5,8,2010,1,21,1976
68206,島根県,佐田（サダ）,,2026,1,8,16,0,0.0,8,2.0,4,10.0,8.0,4.0,,,74.0,8,2012,7,6,14.5,8,2009,1,10,1976
68246,島根県,大田（オオダ）,,2026,1,8,16,0,0.5,8,2.5,4,9.0,31.0,4.0,,,77.0,8,2005,7,2,14.0,8,1983,1,30,1976
68261,島根県,掛合（カケヤ）,,2026,1,8,16,0,0.5,8,2.0,4,13.0,48.0,4.0,,,69.0,8,2021,7,12,8.0,8,2004,1,13,1976
68276,島根県,横田（ヨコタ）,,2026,1,8,16,0,0.0,8,1.5,4,7.0,1.0,4.0,,,92.0,8,1976,7,29,9.0,8,2008,1,11,1976
68286,島根県,福光（フクミツ）,,2026,1,8,16,0,0.5,8,0.5,4,16.0,0.0,4.0,,,71.0,8,2025,9,10,19.5,8,2021,1,16,1978
68306,島根県,赤名（アカナ）,,2026,1,8,16,0,0.5,8,1.5,4,13.0,28.0,4.0,,,76.0,8,2025,8,26,8.0,8,2018,1,10,1978
68346,島根県,桜江（サクラエ）,,2026,1,8,16,0,0.0,8,3.5,4,10.0,56.0,4.0,,,92.5,8,2013,8,24,12.0,8,2003,1,20,1976
68351,島根県,川本（カワモト）,,2026,1,8,16,0,1.0,8,1.5,4,15.0,40.0,4.0,,,59.0,8,2023,9,5,9.5,8,2017,1,9,1976
68376,島根県,浜田（ハマダ）,47755.0,2026,1,8,16,0,0.0,8,0.0,4,,,,,,91.0,8,1983,7,23,14.2,8,1916,1,2,1912
68401,島根県,瑞穂（ミズホ）,,2026,1,8,16,0,0.5,8,3.5,4,10.0,1.0,4.0,,,62.0,8,2006,7,8,9.5,8,2023,1,13,1976
68421,島根県,三隅（ミスミ）,,2026,1,8,16,0,0.0,8,0.5,4,15.0,38.0,4.0,,,100.0,8,1988,7,20,12.0,8,2005,1,15,1976
68431,島根県,弥栄（ヤサカ）,,2026,1,8,16,0,0.0,8,1.5,4,13.0,0.0,4.0,,,83.0,8,1995,8,31,11.0,8,2024,1,15,1978
68436,島根県,波佐（ハザ）,,2026,1,8,16,0,0.0,8,1.5,4,12.0,57.0,4.0,,,82.0,8,2017,7,5,12.0,8,2002,1,26,1977
68456,島根県,高津（タカツ）,,2026,1,8,16,0,0.0,8,0.0,4,,,,,,87.0,8,2013,8,25,9.5,8,2017,1,30,2003
68462,島根県,益田（マスダ）,,2026,1,8,16,0,0.0,8,4.0,4,13.0,34.0,4.0,,,90.0,4,1983,7,23,16.0,8,1988,1,21,1978
68501,島根県,匹見（ヒキミ）,,2026,1,8,16,0,0.5,8,3.0,4,12.0,53.0,4.0,,,63.5,8,2010,7,12,12.0,4,1986,1,4,1977
68516,島根県,津和野（ツワノ）,,2026,1,8,16,0,0.0,8,0.0,4,,,,,,91.5,8,2013,7,28,13.0,8,1976,1,6,1976
68541,島根県,吉賀（ヨシカ）,,2026,1,8,16,0,0.0,8,0.0,4,,,,,,83.5,8,2010,7,7,9.0,8,2020,1,8,2006
69006,鳥取県,境（サカイ）,47742.0,2026,1,8,16,0,0.0,8,0.5,4,7.0,53.0,4.0,,,80.5,8,2021,7,12,21.0,8,1970,1,3,1931
69021,鳥取県,塩津（シオツ）,,2026,1,8,16,0,0.5,8,0.5,4,16.0,0.0,4.0,,,74.0,8,1991,7,31,12.0,8,2012,1,22,1977
69041,鳥取県,青谷（アオヤ）,,2026,1,8,16,0,0.0,8,1.0,4,9.0,20.0,4.0,,,72.0,8,2023,7,13,12.0,8,2023,1,27,1976
69052,鳥取県,湖山（コヤマ）,,2026,1,8,16,0,0.0,8,0.5,4,9.0,14.0,4.0,,,67.0,8,2013,8,1,16.0,8,2017,1,9,2003
69061,鳥取県,岩井（イワイ）,,2026,1,8,16,0,0.0,8,1.0,4,1.0,50.0,4.0,,,68.0,8,2017,9,17,13.5,8,2009,1,10,1976
69076,鳥取県,米子（ヨナゴ）,47744.0,2026,1,8,16,0,0.0,8,0.5,4,11.0,7.0,4.0,,,66.5,8,2013,7,15,14.5,8,2011,1,1,1939
69101,鳥取県,倉吉（クラヨシ）,,2026,1,8,16,0,0.0,8,2.0,4,6.0,13.0,4.0,,,78.0,8,1987,10,17,11.5,8,2011,1,1,1976
69111,鳥取県,鹿野（シカノ）,,2026,1,8,16,0,0.0,8,6.0,4,10.0,5.0,4.0,,,70.0,8,1997,9,23,16.0,8,2015,1,22,1982
69122,鳥取県,鳥取（トットリ）,47746.0,2026,1,8,16,0,0.5,8,1.5,4,9.0,7.0,4.0,,,68.0,8,1981,7,3,16.5,8,1970,1,4,1943
69152,鳥取県,大山（ダイセン）,,2026,1,8,16,0,0.5,8,4.0,4,10.0,14.0,4.0,,,90.0,8,2005,8,15,13.5,8,2024,1,4,1982
69161,鳥取県,関金（セキガネ）,,2026,1,8,16,0,0.5,8,3.0,4,5.0,11.0,4.0,,,56.5,8,2019,9,10,10.5,8,2015,1,22,1977
69181,鳥取県,佐治（サジ）,,2026,1,8,16,0,0.5,8,3.0,4,10.0,2.0,4.0,,,97.5,8,2023,8,15,14.0,8,2005,1,17,1982
69196,鳥取県,若桜（ワカサ）,,2026,1,8,16,0,0.5,8,3.5,4,5.0,30.0,4.0,,,69.0,8,1991,7,31,11.0,8,2024,1,21,1977
69222,鳥取県,江尾（エビ）,,2026,1,8,16,0,0.0,8,2.5,4,6.0,6.0,4.0,,,87.0,8,2013,7,15,9.5,8,2015,1,22,1982
69246,鳥取県,智頭（チズ）,,2026,1,8,16,0,0.5,8,1.5,4,10.0,17.0,4.0,,,53.0,8,2021,7,13,14.5,8,2015,1,15,1976
69271,鳥取県,茶屋（チャヤ）,,2026,1,8,16,0,0.0,8,1.5,4,6.0,6.0,4.0,,,54.0,8,2005,7,1,8.0,8,2015,1,22,1978
71066,徳島県,池田（イケダ）,,2026,1,8,16,0,0.0,8,1.0,4,5.0,15.0,4.0,,,64.0,8,1983,9,28,11.5,8,2016,1,29,1976
71087,徳島県,穴吹（アナブキ）,,2026,1,8,16,0,0.0,8,0.0,4,,,,,,70.0,8,2013,8,2,11.5,8,2015,1,15,2001
71106,徳島県,徳島（トクシマ）,47895.0,2026,1,8,16,0,0.0,8,0.0,4,,,,,,90.5,8,2009,8,10,33.5,8,1950,1,30,1901
71136,徳島県,半田（ハンダ）,,2026,1,8,16,0,0.0,8,1.5,4,4.0,50.0,4.0,,,63.5,8,2010,7,19,12.0,8,2020,1,8,1978
71192,徳島県,東祖谷（ヒガシイヤ）,,2026,1,8,16,0,0.0,8,0.5,4,12.0,56.0,4.0,,,25.5,8,2025,9,5,2.5,8,2026,1,3,2025
71211,徳島県,福原旭（フクハラアサヒ）,,2026,1,8,16,0,0.0,8,0.0,4,,,,,,97.0,8,1979,9,30,28.0,8,1979,1,29,1976
71231,徳島県,蒲生田（カモダ）,,2026,1,8,16,0,0.0,8,0.0,4,,,,,,93.5,8,2010,9,27,44.0,8,1988,1,21,1978
71251,徳島県,木頭（キトウ）,,2026,1,8,16,0,0.0,8,0.0,4,,,,,,100.5,8,2009,8,10,21.0,8,1979,1,29,1979
71266,徳島県,日和佐（ヒワサ）,,2026,1,8,16,0,0.0,8,0.0,4,,,,,,108.5,8,2010,7,13,33.0,8,1990,1,10,1976
71291,徳島県,海陽（カイヨウ）,,2026,1,8,16,0,0.0,8,0.0,4,,,,,,120.0,8,2021,9,8,38.0,8,2020,1,28,2009
72061,香川県,内海（ウチノミ）,,2026,1,8,16,0,0.0,8,0.0,4,,,,,,95.0,8,1976,9,11,11.0,8,2020,1,8,1976
72086,香川県,高松（タカマツ）,47891.0,2026,1,8,16,0,0.0,8,0.0,4,,,,,,68.5,8,1998,9,22,13.5,8,2015,1,15,1941
72111,香川県,多度津（タドツ）,47890.0,2026,1,8,16,0,0.0,8,0.0,4,,,,,,64.5,8,1978,9,5,11.0,8,2015,1,15,1893
72121,香川県,滝宮（タキノミヤ）,,2026,1,8,16,0,0.0,8,0.0,4,,,,,,46.0,8,2024,9,10,11.0,8,2015,1,15,1976
72126,香川県,香南（コウナン）,,2026,1,8,16,0,0.0,8,0.0,4,,,,,,72.0,8,2004,10,20,13.0,8,2016,1,29,2003
72146,香川県,引田（ヒケタ）,,2026,1,8,16,0,0.0,8,0.0,4,,,,,,103.5,8,2024,8,29,14.0,8,2006,1,14,1976
72161,香川県,財田（サイタ）,,2026,1,8,16,0,0.0,8,0.0,4,,,,,,65.5,8,2016,8,25,10.5,8,2016,1,29,1978
72176,徳島県,竜王山（リュウオウザン）,,2026,1,8,16,0,0.5,8,0.5,4,16.0,0.0,4.0,,,89.0,8,2004,7,9,11.5,8,2020,1,8,1976
73001,愛媛県,大三島（オオミシマ）,,2026,1,8,16,0,0.0,8,0.0,4,,,,,,59.0,8,2014,8,22,14.5,8,2020,1,8,1976
73071,愛媛県,玉川（タマガワ）,,2026,1,8,16,0,0.0,8,0.0,4,,,,,,66.5,8,2024,11,2,15.0,8,2020,1,8,1976
73076,愛媛県,今治（イマバリ）,,2026,1,8,16,0,0.0,8,0.0,4,,,,,,54.0,8,2024,11,2,15.0,8,2020,1,8,1976
73126,愛媛県,西条（サイジョウ）,,2026,1,8,16,0,0.0,8,0.0,4,,,,,,69.0,8,2008,8,29,12.0,8,1989,1,19,1976
73141,愛媛県,新居浜（ニイハマ）,,2026,1,8,16,0,0.0,8,1.0,4,5.0,46.0,4.0,,,86.5,8,2017,9,17,11.0,8,2020,1,27,2016
73151,愛媛県,四国中央（シコクチュウオウ）,,2026,1,8,16,0,0.0,8,0.0,4,,,,,,61.0,8,2013,9,4,11.5,8,2015,1,15,1978
73152,愛媛県,富郷（トミサト）,,2026,1,8,16,0,0.5,8,3.0,4,5.0,49.0,4.0,,,95.0,8,2013,9,4,15.0,8,2002,1,16,1978
73166,愛媛県,松山（マツヤマ）,47887.0,2026,1,8,16,0,0.0,8,0.0,4,,,,,,78.0,8,2024,11,2,28.0,8,1989,1,19,1890
73168,愛媛県,松山南吉田（マツヤマミナミヨシダ）,,2026,1,8,16,0,0.0,8,0.0,4,,,,,,78.5,8,2024,11,2,11.0,8,2015,1,15,2003
73231,愛媛県,上林（カミハヤシ）,,2026,1,8,16,0,0.0,8,0.0,4,,,,,,77.0,8,2007,8,6,11.0,8,2023,1,14,1976
73247,愛媛県,成就社（ジョウジュシャ）,,2026,1,8,16,0,0.0,8,0.5,4,11.0,38.0,4.0,,,127.0,8,1999,9,15,15.5,8,2020,1,8,1980
73256,愛媛県,長浜（ナガハマ）,,2026,1,8,16,0,0.0,8,0.0,4,,,,,,67.0,8,2004,8,23,18.0,8,1988,1,21,1976
73271,愛媛県,中山（ナカヤマ）,,2026,1,8,16,0,0.0,8,0.0,4,,,,,,67.0,8,2005,7,3,15.0,8,1989,1,19,1976
73276,愛媛県,久万（クマ）,,2026,1,8,16,0,0.0,8,0.5,4,3.0,33.0,4.0,,,53.5,8,2017,9,17,11.5,8,2020,1,8,1976
73306,愛媛県,大洲（オオズ）,,2026,1,8,16,0,0.0,8,0.0,4,,,,,,76.0,8,2004,8,1,14.0,8,1989,1,19,1976
73321,愛媛県,獅子越峠（シシゴエトウゲ）,,2026,1,8,16,0,0.0,8,0.5,4,9.0,38.0,4.0,,,101.0,8,2017,7,31,13.0,8,2008,1,11,1976
73341,愛媛県,瀬戸（セト）,,2026,1,8,16,0,0.0,8,0.0,4,,,,,,52.5,8,2012,8,11,17.5,8,2020,1,27,1997
73351,愛媛県,八幡浜（ヤワタハマ）,,2026,1,8,16,0,0.0,8,0.0,4,,,,,,57.5,8,2013,9,4,19.0,8,1988,1,21,1976
73406,愛媛県,宇和（ウワ）,,2026,1,8,16,0,0.0,8,0.0,4,,,,,,68.0,8,1987,7,18,19.0,8,1990,1,29,1976
73442,愛媛県,宇和島（ウワジマ）,47892.0,2026,1,8,16,0,0.0,8,0.5,4,6.0,49.0,4.0,,,76.5,8,2011,6,20,29.0,8,2020,1,27,1937
73446,愛媛県,近永（チカナガ）,,2026,1,8,16,0,0.0,8,0.5,4,6.0,40.0,4.0,,,104.0,8,2004,8,2,45.5,8,2020,1,27,1979
73516,愛媛県,御荘（ミショウ）,,2026,1,8,16,0,0.0,8,0.0,4,,,,,,74.5,8,2021,7,18,44.0,8,2020,1,27,1976
74056,高知県,本川（ホンガワ）,,2026,1,8,16,0,0.0,8,0.0,4,,,,,,85.5,8,2013,9,4,16.5,8,2020,1,27,1979
74071,高知県,本山（モトヤマ）,,2026,1,8,16,0,0.0,8,0.0,4,,,,,,102.0,8,1983,9,28,22.0,8,2002,1,21,1976
74101,高知県,池川（イケガワ）,,2026,1,8,16,0,0.0,8,0.0,4,,,,,,96.0,8,2013,9,4,47.5,8,2020,1,27,1977
74126,高知県,繁藤（シゲトウ）,,2026,1,8,16,0,0.0,8,0.0,4,,,,,,110.0,8,2004,8,1,27.5,8,2020,1,8,1976
74136,高知県,大栃（オオドチ）,,2026,1,8,16,0,0.0,8,0.0,4,,,,,,87.5,8,2017,7,1,19.0,8,2020,1,8,1977
74151,高知県,魚梁瀬（ヤナセ）,,2026,1,8,16,0,0.0,8,0.0,4,,,,,,114.0,8,1995,7,21,34.5,8,2020,1,8,1978
74166,高知県,佐川（サカワ）,,2026,1,8,16,0,0.0,8,0.0,4,,,,,,86.0,8,1976,9,8,43.5,8,2020,1,27,1976
74182,高知県,高知（コウチ）,47893.0,2026,1,8,16,0,0.0,8,0.0,4,,,,,,129.5,8,1998,9,24,36.0,8,1975,1,22,1937
74187,高知県,後免（ゴメン）,,2026,1,8,16,0,0.0,8,0.0,4,,,,,,119.0,8,1998,9,24,20.0,8,1989,1,7,1978
74188,高知県,南国日章（ナンコクニッショウ）,,2026,1,8,16,0,0.0,8,0.0,4,,,,,,102.0,8,2006,9,6,18.5,8,2015,1,26,2003
74237,高知県,船戸（フナト）,,2026,1,8,16,0,0.0,8,0.0,4,,,,,,95.0,8,2009,8,10,52.5,8,2020,1,27,1976
74238,高知県,鳥形山（トリガタヤマ）,,2026,1,8,16,0,0.0,8,0.5,4,6.0,35.0,4.0,,,80.5,8,2017,9,17,34.0,8,2020,1,27,2010
74271,高知県,安芸（アキ）,,2026,1,8,16,0,0.0,8,0.0,4,,,,,,83.0,8,2008,6,29,23.0,8,1982,1,4,1976
74276,高知県,田野（タノ）,,2026,1,8,16,0,0.0,8,0.0,4,,,,,,92.0,8,2018,9,4,29.0,8,1993,1,7,1976
74296,高知県,梼原（ユスハラ）,,2026,1,8,16,0,0.0,8,0.5,4,5.0,53.0,4.0,,,83.0,8,1989,9,19,17.0,8,2015,1,15,1976
74311,高知県,須崎（スサキ）,,2026,1,8,16,0,0.0,8,0.0,4,,,,,,126.0,8,1998,9,24,26.0,8,2015,1,15,1976
74336,高知県,佐喜浜（サキハマ）,,2026,1,8,16,0,0.0,8,0.0,4,,,,,,133.0,8,2005,10,7,104.5,8,2020,1,28,1976
74361,高知県,窪川（クボカワ）,,2026,1,8,16,0,0.0,8,0.0,4,,,,,,91.0,8,2022,7,4,74.5,8,2020,1,27,1976
74372,高知県,室戸岬（ムロトミサキ）,47899.0,2026,1,8,16,0,0.0,8,0.0,4,,,,,,149.0,8,2006,11,26,53.0,8,2001,1,7,1925
74381,高知県,江川崎（エカワサキ）,,2026,1,8,16,0,0.0,8,0.0,4,,,,,,80.0,8,2004,8,1,40.0,8,2020,1,27,1977
74391,高知県,大正（タイショウ）,,2026,1,8,16,0,0.0,8,0.0,4,,,,,,88.0,8,2004,9,16,45.0,8,2020,1,27,1976
74436,高知県,佐賀（サガ）,,2026,1,8,16,0,0.0,8,0.0,4,,,,,,89.5,8,2019,7,18,64.0,8,2020,1,27,1977
74447,高知県,宿毛（スクモ）,47897.0,2026,1,8,16,0,0.0,8,0.0,4,,,,,,108.0,8,2018,7,8,30.5,8,2020,1,27,1943
74456,高知県,中村（ナカムラ）,,2026,1,8,16,0,0.0,8,0.0,4,,,,,,117.0,8,2004,8,2,48.5,8,2020,1,27,1976
74506,高知県,三崎（ミサキ）,,2026,1,8,16,0,0.0,8,0.0,4,,,,,,103.0,8,2015,8,29,20.5,8,2015,1,15,2005
74516,高知県,清水（シミズ）,47898.0,2026,1,8,16,0,0.0,8,0.0,4,,,,,,150.0,8,1944,10,17,61.5,8,2001,1,7,1940
81011,山口県,須佐（スサ）,,2026,1,8,16,0,0.0,8,0.0,4,,,,,,138.5,8,2013,7,28,13.0,8,1987,1,23,1976
81071,山口県,萩（ハギ）,47754.0,2026,1,8,16,0,0.0,8,0.0,4,,,,,,109.0,8,1971,8,23,14.0,8,2020,1,23,1949
81116,山口県,油谷（ユヤ）,,2026,1,8,16,0,0.0,8,0.0,4,,,,,,78.0,8,2015,8,25,13.5,8,2020,1,23,1976
81146,山口県,篠生（シノブ）,,2026,1,8,16,0,0.0,8,0.0,4,,,,,,48.0,8,2022,9,13,6.0,8,2024,1,20,2021
81151,山口県,徳佐（トクサ）,,2026,1,8,16,0,0.0,8,0.0,4,,,,,,77.5,8,2025,9,10,12.0,8,2014,1,26,1976
81167,山口県,羅漢山（ラカンザン）,,2026,1,8,16,0,1.0,8,1.5,4,15.0,34.0,4.0,,,100.0,8,1977,9,3,16.0,8,2020,1,8,1976
81196,山口県,秋吉台（アキヨシダイ）,,2026,1,8,16,0,0.0,8,0.0,4,,,,,,71.0,8,1977,9,3,15.0,8,1994,1,27,1976
81228,山口県,鹿野（カノ）,,2026,1,8,16,0,0.0,8,0.0,4,,,,,,73.0,8,2012,7,6,16.5,8,2020,1,8,2010
81231,山口県,広瀬（ヒロセ）,,2026,1,8,16,0,0.0,8,0.0,4,,,,,,67.0,8,1999,9,24,17.0,8,2006,1,14,1976
81266,山口県,豊田（トヨタ）,,2026,1,8,16,0,0.0,8,0.0,4,,,,,,106.5,8,2023,6,30,12.0,8,2020,1,8,1976
81271,山口県,東厚保（ヒガシアツ）,,2026,1,8,16,0,0.0,8,0.0,4,,,,,,81.0,8,2023,7,1,15.5,8,2020,1,8,2010
81286,山口県,山口（ヤマグチ）,47784.0,2026,1,8,16,0,0.0,8,0.0,4,,,,,,143.0,8,2013,7,28,18.5,8,2008,1,11,1966
81301,山口県,和田（ワダ）,,2026,1,8,16,0,0.0,8,0.0,4,,,,,,91.5,8,2012,8,11,15.0,8,2006,1,14,1978
81321,山口県,岩国（イワクニ）,,2026,1,8,16,0,0.0,8,0.0,4,,,,,,71.0,8,2014,8,6,14.0,8,2020,1,8,1976
81371,山口県,防府（ホウフ）,,2026,1,8,16,0,0.0,8,0.0,4,,,,,,72.5,8,2009,7,21,16.0,8,2006,1,14,1976
81386,山口県,下松（クダマツ）,,2026,1,8,16,0,0.0,8,0.0,4,,,,,,86.0,8,2018,7,5,15.0,8,2020,1,8,1976
81397,山口県,玖珂（クガ）,,2026,1,8,16,0,0.0,8,0.0,4,,,,,,76.0,8,2018,7,7,17.0,8,2020,1,8,1977
81428,山口県,下関（シモノセキ）,47762.0,2026,1,8,16,0,0.0,8,0.0,4,,,,,,85.5,8,2024,7,11,14.0,8,1989,1,24,1908
81436,山口県,宇部（ウベ）,,2026,1,8,16,0,0.0,8,0.0,4,,,,,,64.5,8,2021,8,1,23.5,8,2020,1,8,1976
81481,山口県,柳井（ヤナイ）,,2026,1,8,16,0,0.0,8,0.0,4,,,,,,69.0,8,2005,7,3,22.0,8,2015,1,15,1976
81486,山口県,安下庄（アゲノショウ）,,2026,1,8,16,0,0.0,8,0.0,4,,,,,,72.0,8,2020,7,8,15.0,8,1982,1,4,1976
82036,福岡県,小呂島（オロノシマ）,,2026,1,8,16,0,0.0,8,0.0,4,,,,,,85.5,8,2017,8,16,16.5,8,2020,1,22,2014
82046,福岡県,宗像（ムナカタ）,,2026,1,8,16,0,0.0,8,0.0,4,,,,,,76.5,8,2025,8,10,22.0,8,2020,1,8,1976
82056,福岡県,八幡（ヤハタ）,,2026,1,8,16,0,0.0,8,0.0,4,,,,,,73.0,8,2013,7,3,15.5,8,2020,1,8,1976
82068,福岡県,空港北町（クウコウキタマチ）,,2026,1,8,16,0,0.0,8,0.0,4,,,,,,77.5,4,2025,8,10,20.0,8,2020,1,8,2006
82097,福岡県,東谷（ヒガシタニ）,,2026,1,8,16,0,0.0,8,0.0,4,,,,,,65.5,8,2015,8,25,26.5,8,2020,1,8,2012
82101,福岡県,行橋（ユクハシ）,,2026,1,8,16,0,0.0,8,0.0,4,,,,,,71.5,8,2025,8,10,25.5,8,2020,1,8,1976
82136,福岡県,飯塚（イイヅカ）,47809.0,2026,1,8,16,0,0.0,8,0.0,4,,,,,,101.0,8,2009,7,24,33.4,8,1950,1,18,1935
82171,福岡県,前原（マエバル）,,2026,1,8,16,0,0.0,8,0.0,4,,,,,,147.0,8,1991,9,14,22.0,8,2020,1,8,1976
82182,福岡県,福岡（フクオカ）,47807.0,2026,1,8,16,0,0.0,8,0.0,4,,,,,,96.5,8,1997,7,28,22.5,8,1950,1,18,1896
82186,福岡県,博多（ハカタ）,,2026,1,8,16,0,0.0,8,0.0,4,,,,,,116.0,8,2009,7,24,22.0,8,2020,1,8,2003
82191,福岡県,太宰府（ダザイフ）,,2026,1,8,16,0,0.0,8,0.0,4,,,,,,104.0,8,2003,7,19,20.0,8,2020,1,8,1977
82206,福岡県,添田（ソエダ）,,2026,1,8,16,0,0.0,8,0.0,4,,,,,,98.0,8,1983,7,5,16.5,8,2020,1,8,1976
82241,福岡県,早良脇山（サワラワキヤマ）,,2026,1,8,16,0,0.0,8,0.0,4,,,,,,88.5,8,2022,8,21,28.5,8,2020,1,8,2010
82261,福岡県,朝倉（アサクラ）,,2026,1,8,16,0,0.0,8,0.0,4,,,,,,129.5,8,2017,7,5,14.5,8,2010,1,20,1976
82272,福岡県,英彦山（ヒコサン）,,2026,1,8,16,0,0.0,8,0.0,4,,,,,,86.5,8,2012,7,3,19.0,8,1996,1,15,1988
82306,福岡県,久留米（クルメ）,,2026,1,8,16,0,0.0,8,0.0,4,,,,,,92.5,8,2020,6,27,18.5,8,2020,1,8,1977
82316,福岡県,耳納山（ミノウサン）,,2026,1,8,16,0,0.0,8,0.0,4,,,,,,91.5,8,2023,7,10,19.0,8,2020,1,8,1976
82317,福岡県,黒木（クロギ）,,2026,1,8,16,0,0.0,8,0.0,4,,,,,,91.5,8,2012,7,14,17.0,8,2020,1,8,1976
82331,福岡県,柳川（ヤナガワ）,,2026,1,8,16,0,0.0,8,0.0,4,,,,,,91.0,8,1999,6,29,16.0,8,2020,1,8,1976
82361,福岡県,大牟田（オオムタ）,,2026,1,8,16,0,0.0,8,0.0,4,,,,,,99.0,8,1981,6,30,19.0,8,2008,1,11,1976
83021,大分県,国見（クニミ）,,2026,1,8,16,0,0.0,8,0.0,4,,,,,,104.0,8,2004,9,29,14.0,8,2015,1,15,1977
83051,大分県,中津（ナカツ）,,2026,1,8,16,0,0.0,8,0.0,4,,,,,,57.0,8,2012,7,3,11.0,8,2015,1,15,2011
83061,大分県,豊後高田（ブンゴタカダ）,,2026,1,8,16,0,0.0,8,0.0,4,,,,,,61.5,8,2023,7,10,12.5,8,2015,1,15,1976
83096,大分県,耶馬渓（ヤバケイ）,,2026,1,8,16,0,0.0,8,0.0,4,,,,,,91.0,8,2012,7,3,12.5,8,2015,1,15,1976
83106,大分県,院内（インナイ）,,2026,1,8,16,0,0.0,8,0.0,4,,,,,,70.0,8,2022,7,19,14.5,8,2015,1,15,1976
83121,大分県,杵築（キツキ）,,2026,1,8,16,0,0.0,8,0.0,4,,,,,,70.0,8,2008,9,26,11.5,8,2015,1,15,1978
83126,大分県,武蔵（ムサシ）,,2026,1,8,16,0,0.0,8,0.0,4,,,,,,70.0,8,2013,7,26,11.5,8,2015,1,15,1976
83137,大分県,日田（ヒタ）,47814.0,2026,1,8,16,0,0.0,8,0.0,4,,,,,,117.0,8,2025,8,10,23.5,8,1950,1,18,1942
83191,大分県,玖珠（クス）,,2026,1,8,16,0,0.0,8,0.0,4,,,,,,80.0,8,1982,8,9,14.0,8,1989,1,19,1976
83201,大分県,湯布院（ユフイン）,,2026,1,8,16,0,0.0,8,0.0,4,,,,,,75.5,8,2024,8,29,11.0,8,1989,1,20,1976
83216,大分県,大分（オオイタ）,47815.0,2026,1,8,16,0,0.0,8,0.0,4,,,,,,81.5,8,1993,9,3,14.5,8,2015,1,15,1937
83226,大分県,佐賀関（サガノセキ）,,2026,1,8,16,0,0.0,8,0.0,4,,,,,,84.0,8,1998,10,17,18.0,8,2015,1,15,1976
83242,大分県,椿ヶ鼻（ツバキガハナ）,,2026,1,8,16,0,0.0,8,0.0,4,,,,,,85.0,8,2012,7,14,17.0,8,2020,1,8,2004
83286,大分県,臼杵（ウスキ）,,2026,1,8,16,0,0.0,8,0.0,4,,,,,,83.0,8,2003,9,11,14.0,8,2015,1,15,1976
83341,大分県,犬飼（イヌカイ）,,2026,1,8,16,0,0.0,8,0.0,4,,,,,,69.0,8,2014,8,2,10.0,8,2015,1,15,1976
83371,大分県,竹田（タケタ）,,2026,1,8,16,0,0.0,8,0.0,4,,,,,,78.0,8,2009,8,10,11.5,8,2015,1,15,1976
83401,大分県,佐伯（サイキ）,,2026,1,8,16,0,0.0,8,0.0,4,,,,,,117.5,8,2020,1,27,117.5,8,2020,1,27,1976
83431,大分県,宇目（ウメ）,,2026,1,8,16,0,0.0,8,0.0,4,,,,,,89.5,8,2017,9,17,21.5,8,2015,1,15,1977
83476,大分県,蒲江（カマエ）,,2026,1,8,16,0,0.0,8,0.0,4,,,,,,122.0,8,2006,9,16,65.5,8,2020,1,27,1976
84012,長崎県,鰐浦（ワニウラ）,,2026,1,8,16,0,0.0,8,0.0,4,,,,,,89.5,8,2016,9,17,12.5,8,2018,1,16,1995
84072,長崎県,厳原（イヅハラ）,47800.0,2026,1,8,16,0,0.0,8,0.0,4,,,,,,116.0,8,2003,7,23,40.0,8,2023,1,13,1904
84076,長崎県,美津島（ミツシマ）,,2026,1,8,16,0,0.0,8,0.0,4,,,,,,95.0,8,2022,7,18,21.0,8,2018,1,16,2003
84121,長崎県,芦辺（アシベ）,,2026,1,8,16,0,0.0,8,0.0,4,,,,,,120.0,8,2017,6,29,31.0,8,1992,1,31,1977
84122,長崎県,石田（イシダ）,,2026,1,8,16,0,0.0,8,0.0,4,,,,,,111.0,8,2009,7,24,16.0,8,2008,1,11,2003
84171,長崎県,平戸（ヒラド）,47805.0,2026,1,8,16,0,0.0,8,0.0,4,,,,,,125.5,8,1999,9,2,59.5,8,1972,1,24,1940
84183,長崎県,松浦（マツウラ）,,2026,1,8,16,0,0.0,8,0.0,4,,,,,,84.0,8,2023,9,15,20.0,8,2020,1,8,2011
84266,長崎県,佐世保（サセボ）,47812.0,2026,1,8,16,0,0.0,8,0.0,4,,,,,,125.1,8,1967,7,9,35.0,8,1972,1,24,1946
84306,長崎県,西海（サイカイ）,,2026,1,8,16,0,0.0,8,0.0,4,,,,,,82.5,8,2023,9,17,9.5,8,2024,1,10,2021
84341,長崎県,有川（アリカワ）,,2026,1,8,16,0,0.0,8,0.0,4,,,,,,120.0,8,2011,10,14,28.5,8,2020,1,23,1977
84361,長崎県,長浦岳（ナガウラダケ）,,2026,1,8,16,0,0.0,8,0.0,4,,,,,,153.0,8,1982,7,23,24.5,8,2020,1,23,1976
84371,長崎県,大村（オオムラ）,,2026,1,8,16,0,0.0,8,0.0,4,,,,,,94.5,8,2020,7,6,23.5,8,2020,1,8,1976
84441,長崎県,諫早（イサハヤ）,,2026,1,8,16,0,0.0,8,0.0,4,,,,,,101.0,8,1999,7,23,28.0,8,2020,1,23,1976
84496,長崎県,長崎（ナガサキ）,47817.0,2026,1,8,16,0,0.0,8,0.0,4,,,,,,127.5,8,1982,7,23,41.5,8,1972,1,24,1897
84519,長崎県,雲仙岳（ウンゼンダケ）,47818.0,2026,1,8,16,0,0.0,8,0.0,4,,,,,,134.5,8,2015,8,25,30.5,8,2008,1,12,1937
84523,長崎県,島原（シマバラ）,,2026,1,8,16,0,0.0,8,0.0,4,,,,,,97.0,8,2016,6,20,22.0,8,2008,1,12,2006
84536,長崎県,福江（フクエ）,47843.0,2026,1,8,16,0,0.0,8,0.0,4,,,,,,113.5,8,1967,7,9,43.0,8,2001,1,7,1962
84537,長崎県,上大津（カミオオヅ）,,2026,1,8,16,0,0.0,8,0.0,4,,,,,,94.0,8,2003,9,11,27.0,8,2009,1,18,2003
84561,長崎県,口之津（クチノツ）,,2026,1,8,16,0,0.0,8,0.0,4,,,,,,82.0,8,2017,7,6,32.0,8,2008,1,12,1976
84597,長崎県,脇岬（ワキミサキ）,,2026,1,8,16,0,0.0,8,0.0,4,,,,,,73.5,8,2024,10,19,10.0,8,2023,1,13,2021
85033,佐賀県,唐津（カラツ）,,2026,1,8,16,0,0.0,8,0.0,4,,,,,,77.5,8,2024,9,22,19.5,8,2020,1,8,2010
85046,佐賀県,北山（ホクザン）,,2026,1,8,16,0,0.0,8,0.0,4,,,,,,80.0,8,2010,7,14,22.0,8,2020,1,8,2010
85106,佐賀県,鳥栖（トス）,,2026,1,8,16,0,0.0,8,0.0,4,,,,,,81.5,8,2019,7,21,23.0,8,2020,1,8,2010
85116,佐賀県,伊万里（イマリ）,,2026,1,8,16,0,0.0,8,0.0,4,,,,,,99.0,8,2006,9,16,23.5,8,2020,1,23,1976
85142,佐賀県,佐賀（サガ）,47813.0,2026,1,8,16,0,0.0,8,0.0,4,,,,,,110.0,8,2019,8,28,27.7,8,1950,1,18,1926
85161,佐賀県,嬉野（ウレシノ）,,2026,1,8,16,0,0.0,8,0.0,4,,,,,,84.5,8,2018,7,6,20.0,8,1994,1,17,1977
85166,佐賀県,白石（シロイシ）,,2026,1,8,16,0,0.0,8,0.0,4,,,,,,109.5,8,2019,8,28,19.0,8,1990,1,29,1976
85176,佐賀県,川副（カワソエ）,,2026,1,8,16,0,0.0,8,0.0,4,,,,,,79.5,8,2025,8,10,10.5,8,2020,1,23,2003
86006,熊本県,鹿北（カホク）,,2026,1,8,16,0,0.0,8,0.0,4,,,,,,95.5,8,2017,8,15,15.0,8,1989,1,19,1976
86066,熊本県,南小国（ミナミオグニ）,,2026,1,8,16,0,0.0,8,0.0,4,,,,,,98.0,8,2005,7,10,15.0,8,2020,1,8,1976
86086,熊本県,岱明（タイメイ）,,2026,1,8,16,0,0.0,8,0.0,4,,,,,,108.0,8,2025,8,10,24.0,8,2008,1,11,1976
86101,熊本県,菊池（キクチ）,,2026,1,8,16,0,0.0,8,0.0,4,,,,,,115.5,8,2025,8,10,20.0,8,1989,1,19,1976
86111,熊本県,阿蘇乙姫（アソオトヒメ）,,2026,1,8,16,0,0.0,8,0.0,4,,,,,,108.0,8,2012,7,12,17.0,8,2010,1,20,1978
86141,熊本県,熊本（クマモト）,47819.0,2026,1,8,16,0,0.0,8,0.0,4,,,,,,94.0,8,2016,6,20,23.0,8,1972,1,24,1890
86146,熊本県,益城（マシキ）,,2026,1,8,16,0,0.0,8,0.0,4,,,,,,114.0,8,2006,6,26,15.0,8,2010,1,21,1976
86157,熊本県,南阿蘇（ミナミアソ）,,2026,1,8,16,0,0.0,8,0.0,4,,,,,,84.0,8,2021,7,12,21.5,8,2020,1,8,2015
86161,熊本県,高森（タカモリ）,,2026,1,8,16,0,0.0,8,0.0,4,,,,,,80.0,8,1988,5,3,14.0,8,1989,1,8,1976
86181,熊本県,宇土（ウト）,,2026,1,8,16,0,0.0,8,0.0,4,,,,,,122.0,8,2016,6,20,23.0,8,2008,1,12,2006
86197,熊本県,山都（ヤマト）,,2026,1,8,16,0,0.0,8,0.0,4,,,,,,126.5,8,2016,6,21,22.5,8,2020,1,8,2010
86216,熊本県,三角（ミスミ）,,2026,1,8,16,0,0.0,8,0.0,4,,,,,,104.0,8,2016,6,20,29.0,8,2008,1,12,1976
86236,熊本県,甲佐（コウサ）,,2026,1,8,16,0,0.0,8,0.0,4,,,,,,150.0,8,2016,6,21,24.0,8,2008,1,12,1976
86271,熊本県,松島（マツシマ）,,2026,1,8,16,0,0.0,8,0.0,4,,,,,,123.0,4,2025,8,11,47.0,8,2008,1,12,1976
86316,熊本県,本渡（ホンド）,,2026,1,8,16,0,0.0,8,0.0,4,,,,,,110.0,8,2025,8,11,45.0,8,2008,1,12,1976
86336,熊本県,八代（ヤツシロ）,,2026,1,8,16,0,0.0,8,0.0,4,,,,,,92.5,8,2025,8,11,49.0,8,2008,1,12,1976
86396,熊本県,田浦（タノウラ）,,2026,1,8,16,0,0.0,8,0.0,4,,,,,,100.0,8,2005,7,6,23.0,8,2008,1,12,1976
86407,熊本県,山江（ヤマエ）,,2026,1,8,16,0,0.0,8,0.0,4,,,,,,89.5,8,2009,10,2,14.0,8,2008,1,12,1990
86411,熊本県,五木（イツキ）,,2026,1,8,16,0,0.0,8,0.0,4,,,,,,98.5,8,2012,7,12,15.5,8,2015,1,15,2012
86451,熊本県,水俣（ミナマタ）,,2026,1,8,16,0,0.0,8,0.0,4,,,,,,90.5,8,2020,5,4,21.5,8,2020,1,23,1976
86461,熊本県,一勝地（イッショウチ）,,2026,1,8,16,0,0.0,8,0.0,4,,,,,,86.0,8,2022,7,9,16.5,8,2020,1,27,2006
86467,熊本県,人吉（ヒトヨシ）,47824.0,2026,1,8,16,0,0.0,8,0.0,4,,,,,,103.5,8,1996,7,3,19.0,8,1989,1,20,1943
86477,熊本県,上（ウエ）,,2026,1,8,16,0,0.0,8,0.0,4,,,,,,81.0,8,1996,7,3,13.5,8,2016,1,29,1977
86478,熊本県,多良木（タラギ）,,2026,1,8,16,0,0.0,8,0.0,4,,,,,,88.0,8,2009,10,2,15.0,8,2008,1,12,2006
86481,熊本県,湯前横谷（ユノマエヨコタニ）,,2026,1,8,16,0,0.0,8,0.0,4,,,,,,82.0,8,2017,7,22,16.0,8,2015,1,15,1976
86491,熊本県,牛深（ウシブカ）,47838.0,2026,1,8,16,0,0.0,8,0.0,4,,,,,,98.0,8,2020,7,4,27.5,8,1979,1,29,1949
87041,宮崎県,高千穂（タカチホ）,,2026,1,8,16,0,0.0,8,0.0,4,,,,,,73.0,8,1993,8,9,15.5,8,2015,1,15,1976
87066,宮崎県,古江（フルエ）,,2026,1,8,16,0,0.0,8,0.0,4,,,,,,114.0,8,2024,10,22,91.5,8,2020,1,27,1977
87071,宮崎県,鞍岡（クラオカ）,,2026,1,8,16,0,0.0,8,0.0,4,,,,,,97.5,8,2016,6,21,21.0,8,2008,1,12,1979
87086,宮崎県,日之影（ヒノカゲ）,,2026,1,8,16,0,0.0,8,0.0,4,,,,,,58.5,8,2023,8,10,17.5,8,2015,1,15,2010
87127,宮崎県,諸塚（モロツカ）,,2026,1,8,16,0,0.0,8,0.0,4,,,,,,116.0,8,1990,8,11,17.0,8,2008,1,12,1979
87136,宮崎県,北方（キタカタ）,,2026,1,8,16,0,0.0,8,0.0,4,,,,,,72.0,8,2003,9,11,22.0,8,2015,1,15,1987
87141,宮崎県,延岡（ノベオカ）,47822.0,2026,1,8,16,0,0.0,8,0.0,4,,,,,,84.5,8,2021,8,8,35.0,8,2015,1,15,1961
87157,宮崎県,椎葉（シイバ）,,2026,1,8,16,0,0.0,8,0.0,4,,,,,,78.0,8,2024,8,29,12.0,8,2020,1,8,2011
87181,宮崎県,日向（ヒュウガ）,,2026,1,8,16,0,0.0,8,0.0,4,,,,,,89.0,8,2016,9,19,30.5,8,2015,1,15,1976
87206,宮崎県,神門（ミカド）,,2026,1,8,16,0,0.0,8,0.0,4,,,,,,123.0,8,2004,8,17,17.0,8,2015,1,15,1979
87231,宮崎県,西米良（ニシメラ）,,2026,1,8,16,0,0.0,8,0.0,4,,,,,,85.0,8,2024,8,29,20.0,8,1979,1,29,1979
87251,宮崎県,都農（ツノ）,,2026,1,8,16,0,0.0,8,0.0,4,,,,,,88.0,8,2024,10,22,28.0,8,2015,1,15,2010
87293,宮崎県,高鍋（タカナベ）,,2026,1,8,16,0,0.0,8,0.0,4,,,,,,96.0,8,2018,9,30,11.5,8,2023,1,14,2017
87301,宮崎県,加久藤（カクトウ）,,2026,1,8,16,0,0.0,8,0.0,4,,,,,,94.0,8,2022,7,15,21.0,8,1979,1,29,1976
87331,宮崎県,西都（サイト）,,2026,1,8,16,0,0.0,8,0.0,4,,,,,,84.0,8,2007,7,13,25.0,8,1980,1,28,1976
87346,宮崎県,えびの高原（エビノコウゲン）,,2026,1,8,16,0,0.0,8,0.0,4,,,,,,110.0,8,2010,7,3,30.0,8,1979,1,29,1976
87352,宮崎県,小林（コバヤシ）,,2026,1,8,16,0,0.0,8,0.0,4,,,,,,93.5,8,2023,8,9,20.0,8,2015,1,15,2000
87361,宮崎県,野尻（ノジリ）,,2026,1,8,16,0,0.0,8,0.0,4,,,,,,77.5,8,2024,7,14,18.0,8,2015,1,15,1976
87371,宮崎県,国富（クニトミ）,,2026,1,8,16,0,0.0,8,0.0,4,,,,,,81.5,8,2017,9,17,35.0,8,1980,1,28,1976
87376,宮崎県,宮崎（ミヤザキ）,47830.0,2026,1,8,16,0,0.0,8,0.0,4,,,,,,139.5,8,1995,9,30,53.5,8,1980,1,28,1925
87406,宮崎県,田野（タノ）,,2026,1,8,16,0,0.0,8,0.0,4,,,,,,70.5,8,2025,8,7,16.5,8,2020,1,27,2017
87412,宮崎県,赤江（アカエ）,,2026,1,8,16,0,0.0,8,0.0,4,,,,,,110.5,8,2016,9,20,37.5,8,2015,1,15,2003
87426,宮崎県,都城（ミヤコノジョウ）,47829.0,2026,1,8,16,0,0.0,8,0.0,4,,,,,,96.5,8,2012,7,22,37.0,8,1989,1,20,1942
87461,宮崎県,酒谷（サカタニ）,,2026,1,8,16,0,0.0,8,0.0,4,,,,,,77.0,8,2016,7,8,31.0,8,2019,1,31,1977
87492,宮崎県,油津（アブラツ）,47835.0,2026,1,8,16,0,0.0,8,0.0,4,,,,,,89.5,8,1981,9,25,33.0,8,2006,1,14,1949
87501,宮崎県,串間（クシマ）,,2026,1,8,16,0,0.0,8,0.0,4,,,,,,78.5,8,2016,9,17,35.5,8,2015,1,21,1976
88061,鹿児島県,阿久根（アクネ）,47823.0,2026,1,8,16,0,0.0,8,0.0,4,,,,,,107.0,8,1972,6,27,39.0,8,1973,1,24,1939
88066,鹿児島県,出水（イズミ）,,2026,1,8,16,0,0.0,8,0.0,4,,,,,,74.0,8,1979,7,17,25.0,8,1979,1,29,1976
88081,鹿児島県,大口（オオクチ）,,2026,1,8,16,0,0.0,8,0.0,4,,,,,,94.5,8,2010,8,24,19.0,8,2016,1,29,1976
88101,鹿児島県,紫尾山（シビサン）,,2026,1,8,16,0,0.0,8,0.0,4,,,,,,96.5,8,2021,7,10,34.0,8,1989,1,20,1976
88107,鹿児島県,さつま柏原（サツマカシワバル）,,2026,1,8,16,0,0.0,8,0.0,4,,,,,,104.0,8,1991,7,27,21.0,8,2023,1,14,1976
88131,鹿児島県,中甑（ナカコシキ）,,2026,1,8,16,0,0.0,8,0.0,4,,,,,,107.5,8,2017,5,12,30.0,8,1989,1,7,1976
88151,鹿児島県,川内（センダイ）,,2026,1,8,16,0,0.0,8,0.0,4,,,,,,76.5,8,2022,7,8,34.0,8,1979,1,29,1977
88166,鹿児島県,溝辺（ミゾベ）,,2026,1,8,16,0,0.0,8,0.0,4,,,,,,107.5,8,2025,8,8,26.5,8,2015,1,15,1976
88211,鹿児島県,八重山（ヤエヤマ）,,2026,1,8,16,0,0.0,8,0.0,4,,,,,,110.5,8,2021,7,9,36.0,8,2015,1,15,1976
88261,鹿児島県,東市来（ヒガシイチキ）,,2026,1,8,16,0,0.0,8,1.0,4,1.0,15.0,4.0,,,98.5,8,2020,7,3,30.5,8,2023,1,14,1976
88286,鹿児島県,牧之原（マキノハラ）,,2026,1,8,16,0,0.0,8,0.0,4,,,,,,96.0,8,2016,9,20,24.0,8,1989,1,20,1976
88317,鹿児島県,鹿児島（カゴシマ）,47827.0,2026,1,8,16,0,0.0,8,0.0,4,,,,,,104.5,8,1995,8,11,34.0,8,2015,1,15,1902
88331,鹿児島県,輝北（キホク）,,2026,1,8,16,0,0.0,8,0.0,4,,,,,,93.0,8,2003,9,11,28.5,8,2015,1,15,1977
88341,鹿児島県,大隅（オオスミ）,,2026,1,8,16,0,0.0,8,0.0,4,,,,,,93.0,8,2006,7,5,27.5,8,2015,1,15,1977
88371,鹿児島県,加世田（カセダ）,,2026,1,8,16,0,0.0,8,0.5,4,0.0,42.0,4.0,,,87.5,8,2016,9,20,29.0,8,1995,1,3,1976
88392,鹿児島県,吉ケ別府（ヨシガベップ）,,2026,1,8,16,0,0.0,8,0.0,4,,,,,,86.0,8,2020,7,6,42.0,8,1980,1,28,1977
88406,鹿児島県,志布志（シブシ）,,2026,1,8,16,0,0.0,8,0.0,4,,,,,,88.0,8,2020,7,6,26.0,8,1980,1,28,1976
88432,鹿児島県,喜入（キイレ）,,2026,1,8,16,0,0.0,8,0.0,4,,,,,,95.0,8,2016,9,20,28.5,8,2015,1,26,1977
88442,鹿児島県,鹿屋（カノヤ）,,2026,1,8,16,0,0.0,8,0.0,4,,,,,,109.5,8,2020,7,6,31.0,8,2003,1,26,1977
88447,鹿児島県,肝付前田（キモツキマエダ）,,2026,1,8,16,0,0.0,8,0.0,4,,,,,,84.5,8,2022,7,16,30.0,8,1980,1,28,1977
88466,鹿児島県,枕崎（マクラザキ）,47831.0,2026,1,8,16,0,0.0,8,0.0,4,,,,,,127.0,8,2000,6,25,46.5,8,1993,1,6,1937
88486,鹿児島県,指宿（イブスキ）,,2026,1,8,16,0,0.0,8,0.0,4,,,,,,78.0,8,2000,6,25,31.0,8,2003,1,26,1976
88506,鹿児島県,内之浦（ウチノウラ）,,2026,1,8,16,0,0.0,8,0.0,4,,,,,,128.5,8,2015,4,30,58.0,8,2001,1,25,1976
88536,鹿児島県,田代（タシロ）,,2026,1,8,16,0,0.0,8,0.0,4,,,,,,107.0,8,2007,6,22,35.0,8,2006,1,14,1977
88551,鹿児島県,佐多（サタ）,,2026,1,8,16,0,0.0,8,0.0,4,,,,,,116.0,8,2010,6,19,33.0,8,1993,1,14,1977
88612,鹿児島県,種子島（タネガシマ）,47837.0,2026,1,8,16,0,0.0,8,0.0,4,,,,,,126.0,8,2001,9,2,70.7,8,1960,1,15,1948
88621,鹿児島県,中種子（ナカタネ）,,2026,1,8,16,0,0.0,8,0.5,4,4.0,24.0,4.0,,,101.0,8,2022,7,9,35.0,8,2009,1,30,2006
88666,鹿児島県,上中（カミナカ）,,2026,1,8,16,0,0.0,8,0.5,4,4.0,45.0,4.0,,,115.0,8,2010,7,3,56.0,8,2009,1,30,1976
88686,鹿児島県,屋久島（ヤクシマ）,47836.0,2026,1,8,16,0,0.0,8,2.0,4,3.0,46.0,4.0,,,125.0,8,1999,5,18,74.0,8,2009,1,29,1937
88706,鹿児島県,尾之間（オノアイダ）,,2026,1,8,16,0,0.0,8,0.0,4,,,,,,118.0,8,2025,3,27,47.0,8,1992,1,6,1976
88736,鹿児島県,中之島（ナカノシマ）,,2026,1,8,16,0,0.0,8,4.0,4,2.0,45.0,4.0,,,129.5,8,2016,9,3,112.0,8,2017,1,7,2002
88746,鹿児島県,平島（タイラジマ）,,2026,1,8,16,0,0.0,8,2.0,4,6.0,59.0,4.0,,,78.0,8,2017,7,5,20.5,8,2020,1,27,2014
88756,鹿児島県,諏訪之瀬島（スワノセジマ）,,2026,1,8,16,0,0.0,8,1.0,4,8.0,2.0,4.0,,,109.5,8,2014,9,21,27.5,8,2016,1,17,2014
88776,鹿児島県,小宝島（コダカラジマ）,,2026,1,8,16,0,0.0,8,1.0,4,9.0,9.0,4.0,,,138.5,8,2018,9,24,28.0,8,2019,1,12,2014
88781,鹿児島県,宝島（タカラジマ）,,2026,1,8,16,0,0.0,8,0.5,4,13.0,2.0,4.0,,,120.0,8,2024,10,15,59.0,8,2019,1,12,2014
88821,鹿児島県,笠利（カサリ）,,2026,1,8,16,0,0.0,8,1.0,4,11.0,18.0,4.0,,,91.0,8,2017,8,5,25.5,8,2025,1,23,2003
88837,鹿児島県,名瀬（ナゼ）,47909.0,2026,1,8,16,0,0.0,8,1.5,4,13.0,54.0,4.0,,,116.4,8,1949,10,21,97.0,8,1982,1,4,1896
88851,鹿児島県,喜界島（キカイジマ）,,2026,1,8,16,0,1.5,8,1.5,4,16.0,0.0,4.0,,,110.5,8,2017,9,4,43.0,8,1988,1,21,1978
88901,鹿児島県,古仁屋（コニヤ）,,2026,1,8,16,0,0.5,8,1.5,4,12.0,32.0,4.0,,,143.5,8,2011,11,2,51.0,8,2009,1,30,1976
88931,鹿児島県,天城（アマギ）,,2026,1,8,16,0,0.0,8,0.0,4,,,,,,78.0,4,2015,11,17,34.5,8,2017,1,18,2003
88956,鹿児島県,伊仙（イセン）,,2026,1,8,16,0,0.5,8,1.5,4,15.0,52.0,4.0,,,114.5,8,2015,7,25,62.0,8,1982,1,4,1977
88971,鹿児島県,沖永良部（オキノエラブ）,47942.0,2026,1,8,16,0,0.0,8,0.0,4,,,,,,101.0,8,2015,6,19,55.0,8,1979,1,29,1969
88986,鹿児島県,与論島（ヨロンジマ）,,2026,1,8,16,0,0.0,8,0.0,4,,,,,,102.0,8,1987,10,25,53.0,8,1979,1,29,1978
91011,沖縄県,伊是名（イゼナ）,,2026,1,8,16,0,0.0,8,0.0,4,,,,,,95.5,8,2011,10,5,64.0,8,1979,1,29,1977
91021,沖縄県,奥（オク）,,2026,1,8,16,0,0.0,8,0.0,4,,,,,,86.0,8,2018,6,16,40.0,8,1998,1,14,1976
91046,沖縄県,国頭（クニガミ）,,2026,1,8,16,0,0.0,8,0.0,4,,,,,,86.0,8,2012,9,16,31.5,8,2013,1,13,2005
91066,沖縄県,本部（モトブ）,,2026,1,8,16,0,0.0,8,0.0,4,,,,,,77.5,8,2020,6,22,40.5,8,2016,1,5,1981
91081,沖縄県,東（ヒガシ）,,2026,1,8,16,0,0.0,8,0.0,4,,,,,,101.5,8,2024,11,9,37.5,8,2020,1,16,1981
91096,沖縄県,粟国（アグニ）,,2026,1,8,16,0,0.0,8,0.0,4,,,,,,103.0,8,2018,6,16,41.5,8,2022,1,23,2003
91107,沖縄県,名護（ナゴ）,47940.0,2026,1,8,16,0,0.0,8,0.0,4,,,,,,108.5,8,1969,10,7,46.0,8,1969,1,19,1967
91121,沖縄県,読谷（ヨミタン）,,2026,1,8,16,0,0.0,8,0.0,4,,,,,,96.5,8,2014,7,9,46.5,8,2017,1,19,1976
91141,沖縄県,北原（キタハラ）,,2026,1,8,16,0,0.0,8,0.0,4,,,,,,102.5,8,2010,10,22,41.0,8,2006,1,12,2003
91146,沖縄県,久米島（クメジマ）,47929.0,2026,1,8,16,0,0.0,8,0.0,4,,,,,,95.5,8,1998,10,5,62.5,8,2016,1,17,1958
91151,沖縄県,渡名喜（トナキ）,,2026,1,8,16,0,0.0,8,0.0,4,,,,,,92.5,8,2019,8,2,34.0,8,2016,1,17,2014
91161,沖縄県,胡屋（ゴヤ）,,2026,1,8,16,0,0.0,8,0.0,4,,,,,,105.0,8,1988,9,7,40.0,8,2006,1,12,1976
91166,沖縄県,宮城島（ミヤギジマ）,,2026,1,8,16,0,0.0,8,0.0,4,,,,,,85.0,8,2012,11,4,37.5,8,2021,1,23,2007
91181,沖縄県,渡嘉敷（トカシキ）,,2026,1,8,16,0,0.0,8,0.0,4,,,,,,115.5,8,2020,8,24,60.0,8,2007,1,21,1977
91197,沖縄県,那覇（ナハ）,47936.0,2026,1,8,16,0,0.0,8,0.0,4,,,,,,110.5,8,1998,7,17,45.7,8,1903,1,31,1900
91236,沖縄県,安次嶺（アシミネ）,,2026,1,8,16,0,0.0,8,0.0,4,,,,,,81.0,8,2005,6,17,35.0,8,2007,1,21,2003
91241,沖縄県,糸数（イトカズ）,,2026,1,8,16,0,0.0,8,0.0,4,,,,,,110.0,8,2007,12,21,44.0,8,2016,1,11,1976
92006,沖縄県,北大東（キタダイトウ）,,2026,1,8,16,0,0.0,8,2.0,4,11.0,9.0,4.0,,,88.0,8,2025,7,17,24.5,8,2020,1,26,2003
92011,沖縄県,南大東（ミナミダイトウ）（南大東島（ミナミダイトウジマ））,47945.0,2026,1,8,16,0,0.0,8,0.5,4,11.0,2.0,4.0,,,112.5,8,2021,8,6,50.5,8,1979,1,31,1942
92012,沖縄県,旧東（キュウトウ）,,2026,1,8,16,0,0.0,8,4.0,4,10.0,47.0,4.0,,,96.5,8,2021,8,6,40.0,8,2020,1,26,2003
93012,沖縄県,下地島（シモジシマ）,,2026,1,8,16,0,0.0,8,0.0,4,,,,,,114.5,8,2021,7,14,54.0,8,2019,1,12,2003
93041,沖縄県,宮古島（ミヤコジマ）,47927.0,2026,1,8,16,0,0.0,8,0.0,4,,,,,,138.0,8,1970,4,19,66.0,8,2016,1,17,1937
93042,沖縄県,鏡原（カガミハラ）,,2026,1,8,16,0,0.0,8,0.0,4,,,,,,100.0,8,2024,5,21,54.5,4,2019,1,16,2003
93051,沖縄県,城辺（グスクベ）,,2026,1,8,16,0,0.0,8,0.0,4,,,,,,117.5,8,2018,8,12,60.5,8,2016,1,17,1978
93062,沖縄県,仲筋（ナカスジ）,,2026,1,8,16,0,0.0,8,0.0,4,,,,,,145.5,8,2010,11,19,79.5,8,2016,1,17,2003
94001,沖縄県,伊原間（イバルマ）,,2026,1,8,16,0,0.0,8,0.0,4,,,,,,109.0,8,1978,9,13,66.5,8,2016,1,17,1977
94011,沖縄県,所野（トコロノ）,,2026,1,8,16,0,0.0,8,0.0,4,,,,,,130.5,8,2015,4,19,33.0,8,2013,1,13,2003
94017,沖縄県,与那国島（ヨナグニジマ）,47912.0,2026,1,8,16,0,0.0,8,0.0,4,,,,,,110.0,8,2008,9,13,61.7,8,1958,1,13,1956
94036,沖縄県,川平（カビラ）,,2026,1,8,16,0,0.0,8,0.0,4,,,,,,127.0,8,2000,11,12,68.5,8,2016,1,17,1978
94062,沖縄県,西表島（イリオモテジマ）,47917.0,2026,1,8,16,0,0.0,8,0.0,4,,,,,,100.0,8,2011,10,3,46.0,8,1991,1,26,1955
94081,沖縄県,石垣島（イシガキジマ）,47918.0,2026,1,8,16,0,0.0,8,0.0,4,,,,,,126.0,8,2020,5,12,60.5,8,1990,1,15,1896
94086,沖縄県,盛山（モリヤマ）,,2026,1,8,16,0,0.0,8,0.0,4,,,,,,92.0,8,2013,3,18,33.0,8,2018,1,31,2013
94101,沖縄県,大原（オオハラ）,,2026,1,8,16,0,0.0,8,0.0,4,,,,,,123.0,8,1986,5,13,40.5,8,2011,1,14,1978
94116,沖縄県,波照間（ハテルマ）,,2026,1,8,16,0,0.0,8,0.0,4,,,,,,118.0,8,2000,3,10,67.0,8,1990,1,15,1979
